adjective	frequency
agricultural	5419
rural	2907
financial	2627
economic	2474
other	2310
-	2024
environmental	1972
technical	1952
social	1915
public	1840
private	1703
national	1672
such	1599
local	1482
total	1465
new	1438
key	1298
small	1277
sustainable	1207
high	1195
institutional	1103
natural	1084
specific	1056
regional	1052
annual	969
low	901
more	885
main	852
poor	851
significant	786
potential	781
overall	730
agro	716
improved	698
additional	672
relevant	670
major	667
first	640
responsible	625
young	620
strategic	579
large	575
various	559
limited	559
average	534
international	525
non	523
vulnerable	516
current	513
inclusive	499
available	485
higher	484
productive	475
effective	474
direct	468
important	457
appropriate	447
particular	445
physical	443
medium	435
necessary	427
good	425
due	416
operational	414
commercial	412
different	411
legal	409
fiscal	407
resilient	400
most	400
internal	395
urban	393
long	392
critical	387
better	383
external	378
industrial	376
special	362
domestic	359
several	357
positive	356
strong	355
human	352
same	349
administrative	349
fiduciary	338
competitive	331
satisfactory	328
recent	327
general	319
related	317
subject	314
basic	314
negative	313
smart	312
possible	308
political	307
post	306
weak	304
adverse	303
civil	301
many	298
adequate	292
ongoing	291
female	286
less	282
last	280
efficient	278
applicable	277
likely	267
eligible	267
central	264
consistent	260
sub	254
indigenous	253
similar	252
primary	252
greater	252
second	248
integrated	247
pastoral	244
extreme	243
acceptable	242
agribusiness	239
full	238
disbursement	236
detailed	235
final	234
socio	232
innovative	230
global	229
provincial	222
least	222
lower	221
net	216
regulatory	215
best	215
individual	214
sectoral	209
foreign	208
future	207
structural	203
past	201
irrigated	200
previous	199
respective	192
cultural	192
harvest	188
modern	182
advisory	182
ecological	181
substantial	179
further	178
close	174
multi	170
inter	170
traditional	167
initial	167
independent	167
comprehensive	167
climatic	164
short	162
active	162
real	160
nutritional	158
largest	157
regular	155
organizational	153
moderate	153
professional	152
prior	152
present	152
formal	150
able	150
highest	149
successful	147
sous	146
sensitive	145
original	144
clear	144
essential	142
entire	142
green	141
early	140
third	139
gross	139
equivalent	139
quarterly	137
african	137
macroeconomic	136
severe	135
développement	135
wide	133
participatory	131
indirect	131
few	131
sized	127
own	126
involuntary	126
vocational	125
rapid	124
poorest	123
corporate	122
certain	122
intensive	120
insufficient	119
inadequate	119
technological	118
coastal	118
standard	116
extensive	116
downstream	116
multiple	114
proper	113
micro	113
reliable	112
common	111
watershed	110
timely	110
larger	110
sufficient	108
recurrent	108
northern	108
mid	108
semi	107
viable	105
robust	105
following	105
informal	104
dry	104
solid	103
preliminary	103
enhanced	101
alternative	100
digital	99
optional	98
logical	98
above	98
difficult	96
collective	96
equal	94
conducive	94
separate	93
complementary	93
secondary	92
dependent	92
veterinary	91
considerable	91
présent	90
periodic	88
open	88
manual	88
equitable	88
pre	87
latest	87
free	87
fragile	87
arable	87
temporary	86
sound	86
dedicated	86
profitable	85
shared	84
metric	84
joint	84
baseline	84
subsequent	83
incremental	83
broader	83
organic	82
single	81
renewable	80
minor	80
little	80
geographical	80
diverse	80
aux	80
thematic	79
sub-	79
accessible	79
qualified	77
official	77
solar	76
focal	76
contractual	76
decentralized	75
comparative	75
actual	74
adaptive	73
safe	72
minimum	72
la	72
geographic	72
frequent	72
electronic	72
sustained	71
much	71
irreversible	71
suitable	70
specialized	70
parallel	70
diversified	70
complex	70
relative	69
reduced	69
raw	69
next	69
entrepreneurial	69
ethnic	68
budgetary	68
upstream	66
stable	66
permanent	66
middle	66
lowest	66
territorial	65
marginal	65
male	65
immediate	65
humanitarian	65
functional	65
sanitary	64
managerial	64
broad	64
heavy	63
southern	61
expected	61
stronger	60
rich	60
municipal	60
continuous	60
cold	60
widespread	59
smaller	59
principal	58
fresh	58
chronic	58
seasonal	57
reasonable	57
numerous	57
indicative	57
degraded	57
cross	57
analytical	57
statistical	56
serious	56
pursuant	56
sector	55
prepared	55
old	55
existing	55
communal	55
objective	54
monetary	54
eastern	54
covid-19	54
consolidated	54
longer	53
diagnostic	53
concessional	53
transparent	52
socioeconomic	52
mobile	52
marine	52
exact	52
transformative	51
systematic	51
remote	51
affordable	51
staple	50
top	49
partial	49
governmental	49
ex	49
crucial	49
artisanal	49
acute	49
wholesale	48
sharp	48
practical	48
horticultural	48
great	48
resistant	47
labour	47
favorable	47
vast	46
friendly	46
small-	45
slow	45
senior	45
phytosanitary	45
optimal	45
cumulative	45
spatial	44
only	44
nutritious	44
feasible	44
decent	44
1st	44
simple	43
project	43
associated	43
upper	42
tentative	42
meteorological	42
huge	42
enormous	42
dynamic	42
concrete	42
component	42
advanced	42
vital	41
secure	41
persistent	41
lead	41
double	41
daily	41
term	40
skilled	40
rev.1	40
pro	40
mixed	40
maximum	40
latter	40
dietary	40
demographic	40
biological	40
autonomous	40
responsable	39
interested	39
former	39
agronomic	39
right	38
payable	38
monthly	38
yearly	37
whole	37
western	37
urgent	37
twin	37
riparian	37
ready	37
outstanding	37
inherent	37
healthy	37
favourable	37
consultative	37
willing	36
variable	36
south	36
prev	36
farm	36
durable	36
capable	36
une	35
resettlement	35
intermediate	35
estimated	35
ambitious	35
affected	35
unemployed	34
tropical	34
targeted	34
rigorous	34
multilateral	34
macro	34
cooperative	34
clean	34
audited	34
subproject	33
rainy	33
late	33
inefficient	33
gradual	33
extractive	33
describe	33
armed	33
worth	32
unknown	32
supervisory	32
scarce	32
responsive	32
interim	32
flexible	32
experienced	32
dominant	32
corresponding	32
collaborative	32
border	32
aforementioned	32
unique	31
quantitative	31
promising	31
minimal	31
logistical	31
genetic	31
feeder	31
experimental	31
complete	31
co	31
voluntary	30
unsustainable	30
understandable	30
socio-	30
select	30
scientific	30
nonreimbursable	30
fundamental	30
aquatic	30
ante	30
wider	29
syrian	29
supplementary	29
steady	29
mini	29
hydraulic	29
holistic	29
distinct	29
corrective	29
agropastoral	29
absolute	29
typical	28
satisfied	28
programmatic	28
organized	28
moroccan	28
modest	28
ministerial	28
ment	28
material	28
increased	28
grassroots	28
fric	28
fourth	28
financing	28
departmental	28
consulting	28
conditional	28
competent	28
challenging	28
brief	28
beneficial	28
vertical	27
useful	27
multinational	27
integral	27
hydrological	27
historical	27
greatest	27
fragmented	27
excessive	27
bilateral	27
applied	27
unable	26
tertiary	26
sweet	26
retail	26
red	26
qualitative	26
preventive	26
organisational	26
intense	26
fertile	26
empirical	26
editable	26
concentrated	26
unlikely	25
underway	25
suivi	25
sovereign	25
smooth	25
requisite	25
nationwide	25
montant	25
informed	25
http://idbdocs.iadb.org/wsdocs/getdocument.aspx?docnum=40676386	25
erratic	25
dessous	25
continued	25
abundant	25
volatile	24
valuable	24
rational	24
preparatory	24
perennial	24
normal	24
mountainous	24
massive	24
impressive	24
fifth	24
fair	24
ental	24
easy	24
determined	24
attractive	24
arid	24
aggregate	24
accountable	24
prone	23
presidential	23
populated	23
personal	23
online	23
manageable	23
light	23
legislative	23
instrumental	23
identified	23
familiar	23
disadvantaged	23
democratic	23
continental	23
compliant	23
catalytic	23
transboundary	22
structured	22
steep	22
selected	22
revised	22
remedial	22
remarkable	22
prevalent	22
planned	22
multiplier	22
migrant	22
midw	22
localized	22
intended	22
federal	22
deep	22
conventional	22
constant	22
chemical	22
cadastral	22
big	22
aware	22
adjacent	22
trans	21
round	21
retroactive	21
proposed	21
oil	21
near	21
microfinance	21
live	21
invasive	21
insecure	21
illegal	21
haitian	21
fewer	21
facilitate	21
developed	21
customary	21
comptable	21
biannual	21
ayant	21
anti	21
adult	21
triple	20
tolerant	20
supportive	20
quality	20
parcours	20
guinean	20
focus	20
exclusive	20
enough	20
composante	20
committed	20
coherent	20
bolivian	20
automatic	20
asian	20
agro-	20
academic	20
wet	19
state	19
square	19
sedentary	19
sahelian	19
safeguards	19
ruminant	19
reversible	19
poorer	19
occupational	19
negligible	19
military	19
mean	19
marginalized	19
foster	19
coordinated	19
careful	19
unequal	18
underdeveloped	18
uncontrolled	18
systemic	18
sylvo	18
routine	18
quasi	18
precarious	18
pbas	18
overarching	18
ographic	18
notable	18
l’ensemble	18
ivorian	18
extended	18
endogenous	18
end-2019	18
easier	18
dual	18
contingent	18
congolese	18
conflict	18
conceptual	18
balanced	18
accurate	18
2nd	18
upland	17
untapped	17
unsatisfactory	17
successive	17
soft	17
prosperous	17
problematic	17
postharvest	17
outdated	17
ordinary	17
mechanized	17
maternal	17
mandatory	17
malian	17
lebanese	17
landlocked	17
improper	17
hot	17
generic	17
focused	17
fastest	17
fast	17
extra	17
expensive	17
earlier	17
dem	17
costly	17
bankable	17
backward	17
valid	16
unskilled	16
undisbursed	16
ua	16
sure	16
strict	16
spanish	16
slower	16
shorter	16
representative	16
latin	16
irrigable	16
french	16
faster	16
exogenous	16
educational	16
developmental	16
devastating	16
core	16
constitutional	16
concerned	16
closer	16
cible	16
chadian	16
centralized	16
agrarian	16
violent	15
viii	15
upcoming	15
unstable	15
shallow	15
residual	15
reproductive	15
random	15
quick	15
prudent	15
provisional	15
powered	15
medical	15
mainstream	15
liquid	15
lesser	15
leading	15
excess	15
exceptional	15
european	15
english	15
downward	15
dense	15
coral	15
computerized	15
compatible	15
capacités	15
blue	15
agri	15
wild	14
visible	14
virtual	14
unregulated	14
universal	14
unforeseen	14
unfavourable	14
underserved	14
unchanged	14
unaudited	14
tribal	14
tradable	14
susceptible	14
specialised	14
risky	14
remunerative	14
recipient	14
rb-	14
progressive	14
precautionary	14
partenariat	14
mutual	14
mechanical	14
inappropriate	14
horizontal	14
executive	14
eventual	14
disbursed	14
bulk	14
bottom	14
attributable	14
arabic	14
agroecological	14
accelerated	14
west	13
unreliable	13
uneven	13
ultimate	13
togolese	13
timber	13
stringent	13
stagnant	13
revolving	13
reliant	13
pronounced	13
programme	13
native	13
meaningful	13
judicial	13
irregular	13
ineffective	13
harmonized	13
hard	13
graduate	13
gainful	13
front	13
fishery	13
explicit	13
est	13
cutting	13
constrained	13
consecutive	13
concerted	13
communicable	13
chinese	13
census	13
ample	13
3.2.4	13
weighted	12
unprecedented	12
transformational	12
tight	12
tangible	12
slight	12
sixth	12
safer	12
reverse	12
religious	12
protective	12
prime	12
pertinent	12
landless	12
infectious	12
impactful	12
flat	12
evident	12
epidemiological	12
elderly	12
cultivable	12
cropping	12
credible	12
conservative	12
comité	12
combined	12
caribbean	12
black	12
biggest	12
attainment	12
agri-	12
zoonotic	11
worse	11
varied	11
timeframe	11
subnational	11
statutory	11
standalone	11
senegalese	11
semiannual	11
prospective	11
pregnant	11
predictable	11
p172348	11
occasional	11
objection	11
noteworthy	11
narrow	11
multidisciplinary	11
miscellaneous	11
mauritanian	11
marketed	11
marketable	11
long-	11
lengthy	11
incomplete	11
incluent	11
in-	11
firm	11
fine	11
endemic	11
drip	11
divisional	11
differentiated	11
decentralised	11
conformément	11
co-	11
artificial	11
agronomist	11
year	10
weekly	10
vicious	10
usual	10
upward	10
unpredictable	10
unpaid	10
undiversified	10
underweight	10
underlying	10
tariff	10
sole	10
quantified	10
pronged	10
prolonged	10
proactive	10
preferential	10
potable	10
peaceful	10
paramount	10
out	10
offshore	10
nomadic	10
nigerian	10
neutral	10
multiyear	10
ministère	10
lucrative	10
logistic	10
isolated	10
irish	10
involved	10
infrastructural	10
indian	10
inconsistent	10
impoverished	10
high-	10
habitat	10
forthcoming	10
forested	10
existent	10
ethiopian	10
east	10
destructive	10
côte	10
cumbersome	10
consultancy	10
biophysical	10
bi	10
bad	10
attendant	10
asdu	10
anticipated	10
alternate	10
adapted	10
zonal	9
wooden	9
weaker	9
untreated	9
uncertain	9
true	9
thorough	9
synthetic	9
supplemented	9
socioenvironmental	9
sociocultural	9
simultaneous	9
sexual	9
rudimentary	9
représentant	9
realistic	9
prudential	9
prompt	9
promotional	9
prominent	9
precise	9
oral	9
optimum	9
notamment	9
nivel	9
mitigating	9
medicinal	9
measurable	9
ly	9
liberian	9
investment	9
inra	9
input	9
hygienic	9
halepp	9
gray	9
forward	9
foreseeable	9
finance	9
dramatic	9
dehkan	9
deficient	9
d	9
chief	9
bovine	9
behavioural	9
ancillary	9
afghan	9
zoosanitary	8
waterborne	8
vibrant	8
very	8
urbanized	8
unsuitable	8
uncompetitive	8
uncommitted	8
tripartite	8
surplus	8
support	8
subsidized	8
stunted	8
strengthened	8
stakeholder	8
spare	8
sizeable	8
simplified	8
selective	8
schematic	8
saharan	8
rpdp	8
randomized	8
public-	8
proven	8
projected	8
priority	8
predominant	8
popular	8
pessimistic	8
perishable	8
pastoralist	8
paddy	8
outside	8
otal	8
originaux	8
obsolete	8
nominal	8
methodological	8
median	8
locaux	8
left	8
lasting	8
justified	8
intra	8
inter-	8
ineligible	8
indemnités	8
ideal	8
historic	8
foreseen	8
figurent	8
fed	8
end-2018	8
encouraging	8
déclarant	8
drier	8
drastic	8
de	8
cyclical	8
customized	8
corruption	8
corrupt	8
certified	8
boundary	8
beninese	8
behavioral	8
ational	8
american	8
accrual	8
verifiable	7
vegetable	7
unified	7
unfavorable	7
twofold	7
tunisian	7
tremendous	7
transitional	7
tranche	7
toxic	7
terrestrial	7
tanzanian	7
swiofish	7
supplemental	7
superior	7
subregional	7
stockbreeding	7
societal	7
smallest	7
scalable	7
said	7
régional	7
retained	7
reluctant	7
reimbursable	7
referenced	7
rainfall	7
point	7
permettant	7
passable	7
parliamentary	7
pampa	7
opportunistic	7
northeast	7
nascent	7
multidimensional	7
micro-	7
marshy	7
maldivian	7
like	7
legitimate	7
lateral	7
later	7
known	7
ivoirian	7
insignificant	7
imperative	7
identical	7
humid	7
harsh	7
harmful	7
geotechnical	7
genuine	7
evaluable	7
equipped	7
elite	7
echnical	7
downside	7
deeper	7
curative	7
cubic	7
crude	7
crest	7
contextual	7
consequent	7
comités	7
catchment	7
basin	7
approximate	7
anecdotal	7
allied	7
agrifood	7
absorptive	7
absent	7
≤	6
zambian	6
zaghouan	6
worst	6
visual	6
vegetative	6
vacant	6
unexploited	6
underinvestment	6
unclear	6
unavoidable	6
unallocated	6
transnational	6
trained	6
thin	6
theoretical	6
temporal	6
tailored	6
substantive	6
subsidiary	6
strongest	6
stricter	6
southwest	6
sophisticated	6
sluggish	6
sizable	6
shea	6
serbian	6
sectorial	6
scant	6
rotational	6
regulated	6
re-	6
quantifiable	6
pumped	6
profound	6
procurement	6
pressing	6
precious	6
pragmatic	6
polluted	6
pivotal	6
petty	6
pandemic	6
onsite	6
observed	6
normative	6
mitigative	6
medium-	6
marked	6
maritime	6
manifest	6
level	6
intelligent	6
intake	6
indispensable	6
inaccessible	6
hydrometeorological	6
hybrid	6
heterogeneous	6
hazardous	6
half	6
grevant	6
fold	6
financed	6
farming	6
fallow	6
exhaustive	6
exempt	6
excellent	6
equatorial	6
electric	6
earthen	6
dysfunctional	6
drinkable	6
distributional	6
disseminated	6
displaced	6
discriminatory	6
dire	6
devolved	6
deux	6
decisive	6
dangerous	6
countercyclical	6
conversant	6
conclusive	6
computerised	6
comparable	6
colonial	6
cohesive	6
cleaner	6
circular	6
bold	6
benchmark	6
authorized	6
assorted	6
associative	6
aromatic	6
argentinean	6
annuellement	6
animal	6
alarming	6
agroindustrial	6
agency	6
afro	6
4th	6
3rd	6
38,2	6
30th	6
21st	6
12th	6
wood	5
white	5
watersheds	5
watercourse	5
unreported	5
unqualified	5
unmet	5
underperforming	5
undeniable	5
uncoordinated	5
torrential	5
thermal	5
tant	5
swift	5
suspendre	5
supported	5
stratégie	5
standardized	5
species	5
specialist	5
southwestern	5
seventh	5
se	5
réalisées	5
rwandan	5
richest	5
richer	5
resultant	5
restricted	5
residential	5
required	5
remaining	5
reflexive	5
refined	5
recevant	5
re	5
psychosocial	5
project-	5
procedural	5
prerequisite	5
preferred	5
prefectural	5
ppp	5
powerful	5
portable	5
pollutant	5
pervasive	5
pasta-	5
part	5
optimistic	5
operativos	5
older	5
ocal	5
nouveaux	5
needy	5
multi-	5
modernized	5
mariculture	5
leveraging	5
knowledgeable	5
judicious	5
islamic	5
interrelated	5
inland	5
influential	5
incipient	5
impossible	5
impassable	5
immense	5
idb	5
hungry	5
général	5
griculture	5
geospatial	5
funded	5
foodborne	5
finished	5
extraordinary	5
exportable	5
está	5
engaged	5
electrical	5
edible	5
défaillance	5
disputed	5
disciplinary	5
criminal	5
country	5
counterfactual	5
confectionery	5
complement	5
community	5
commune	5
commensurate	5
cognizant	5
clim	5
cheaper	5
capitalized	5
burundian	5
bigger	5
avian	5
auxiliary	5
argentine	5
appraisal	5
appendex	5
alone	5
agroclimatic	5
af-2	5
7th	5
▪	4
yy1	4
younger	4
yemeni	4
yellow	4
worldwide	4
working	4
weakened	4
war	4
virtuous	4
ural	4
unsafe	4
underscored	4
undermine	4
underground	4
underfunded	4
underexploited	4
underemployment	4
unavailable	4
unattractive	4
ukrainian	4
transhumant	4
transactional	4
tradeable	4
tous	4
topographic	4
tighter	4
threshing	4
thermostable	4
tedious	4
sylvo-	4
suited	4
subsistent	4
suboptimal	4
stated	4
staggering	4
sier	4
service	4
según	4
secretarial	4
salaried	4
russian	4
ruraux	4
requested	4
rental	4
psychological	4
proof	4
pluri	4
pluralistic	4
plantation	4
plain	4
phased	4
passive	4
pacigof	4
overweight	4
opposite	4
operative	4
olive	4
northwestern	4
northeastern	4
north	4
niveau	4
needed	4
nearby	4
multisectoral	4
multicultural	4
millet	4
meilleure	4
mass	4
linked	4
lean	4
kenyan	4
kenya?s	4
keen	4
jobless	4
interprofessional	4
interlinked	4
interactive	4
infected	4
inexistent	4
inevitable	4
inequitable	4
incompatible	4
imprest	4
implicit	4
illiterate	4
ii	4
honduran	4
harmonious	4
grower	4
groupe	4
going	4
ghanaian	4
geological	4
geodetic	4
gazetted	4
février	4
fruitful	4
fossil	4
fmd	4
flood-	4
fit	4
finalized	4
familiale	4
expansionary	4
exotic	4
established	4
elevated	4
electoral	4
educated	4
economical	4
eager	4
désignés	4
driest	4
documentary	4
divergent	4
distinctive	4
distant	4
disruptive	4
disabled	4
dimensional	4
dilapidated	4
dike	4
dependable	4
demanding	4
damaging	4
culturable	4
crisis	4
cool	4
consultant	4
complimentary	4
commitment	4
comfortable	4
chargeable	4
cependant	4
cartographic	4
cambodian	4
caadp	4
by-	4
bureaux	4
assistant	4
approved	4
anthropogenic	4
angolan	4
amerindian	4
agroforestry	4
advance	4
admissible	4
adf-15	4
acronyms	4
5th	4
31-déc.-19	4
20th	4
14-dec-2016	4
yielding	3
worrying	3
worrisome	3
vigorous	3
varietal	3
validated	3
useable	3
usable	3
uruguayan	3
uptake	3
updated	3
unrestricted	3
unresolved	3
unrealized	3
unprocessed	3
unorganized	3
unofficial	3
unnecessary	3
uninterrupted	3
uninhabited	3
uniform	3
unhealthy	3
unfair	3
unexpected	3
undeveloped	3
understaffed	3
underrepresented	3
underemployed	3
under-	3
under	3
uncultivated	3
unconditional	3
unbalanced	3
unato	3
unanticipated	3
ucg&mifa	3
uali	3
triennial	3
transitory	3
tiered	3
therapeutic	3
terrorist	3
sudden	3
sudanese	3
subprefectural	3
subdued	3
stark	3
spectacular	3
specified	3
somali	3
slmp-2	3
skewed	3
silvicultural	3
sical	3
shortest	3
shaded	3
settlement	3
serviced	3
senegal	3
segregated	3
scheduled	3
salt	3
sadfons	3
sacred	3
sable	3
rigid	3
rice	3
respiratory	3
resourced	3
reputational	3
reputable	3
registered	3
refresher	3
reflective	3
refiere	3
recreational	3
recourse	3
rare	3
rant	3
radical	3
questionable	3
pôle	3
profit	3
profile	3
production	3
processed	3
probable	3
privileged	3
prioritized	3
pressurized	3
première	3
premium	3
predetermined	3
portuguese	3
populous	3
polished	3
phyto	3
peri-	3
pedagogical	3
paved	3
participative	3
pari	3
pagpa	3
overwhelming	3
overseas	3
outward	3
outflow	3
outer	3
oriental	3
organisées	3
organised	3
optic	3
off	3
oceanic	3
objectivement	3
obese	3
nutrient	3
novel	3
noted	3
nonexistent	3
nitrous	3
nerica	3
neighboring	3
nearshore	3
naturalized	3
n	3
movable	3
mono	3
monitoring-	3
modular	3
mindful	3
mild	3
migratory	3
microcredit	3
methods	3
mere	3
mental	3
melaky	3
mature	3
manière	3
management	3
malnourished	3
lost	3
loose	3
literate	3
linear	3
liable	3
legume	3
large-	3
landed	3
lagging	3
karst	3
italian	3
invaluable	3
intra-	3
intertwined	3
intermediary	3
intergovernmental	3
interesting	3
intercultural	3
intellectual	3
institutionalized	3
ineral	3
indoor	3
individuellement	3
incubation	3
inclut	3
imminent	3
imbalanced	3
illiteracy	3
illicit	3
ill	3
hydrographic	3
hilly	3
hierarchical	3
healthier	3
harvesting	3
harsher	3
harder	3
government	3
governanced.	3
gender-	3
frozen	3
fraudulent	3
foundational	3
foremost	3
foregone	3
food	3
fixed	3
feasibility	3
farmed	3
far	3
factual	3
exposed	3
expired	3
exigible	3
exciting	3
emotional	3
elaborate	3
ecowas	3
durant	3
drudgery	3
donor	3
distortive	3
dewatering	3
designed	3
delete	3
degrading	3
deforested	3
decreased	3
deciduous	3
dakar	3
d''au	3
crédible	3
cross-	3
covered	3
coordinate	3
continual	3
constructive	3
considère	3
consensual	3
connected	3
concurrent	3
compétitive	3
comprenant	3
composite	3
compelling	3
collusive	3
coercive	3
coarse	3
cleaning	3
classified	3
classical	3
civic	3
cheap	3
chartered	3
causal	3
categoría	3
campesino	3
bénéficiant	3
bureaucratic	3
brown	3
bodied	3
blended	3
bituminous	3
bissau	3
biometric	3
biodegradable	3
bio	3
bank-	3
bale	3
back	3
awps	3
autorités	3
asymmetric	3
assured	3
ary	3
archaeological	3
approuvés	3
appreciable	3
anual	3
annualized	3
akin	3
agriculture-	3
agriculture	3
africa	3
affluent	3
affirmative	3
adressé	3
acteurs	3
achievable	3
accès	3
accredited	3
abrupt	3
9th	3
50x14	3
30-jan-19	3
3.2.6	3
11th	3
1.2.4	3
-government	3
-annual	3
économique	2
youthful	2
youngest	2
wrong	2
worthwhile	2
wise	2
well-	2
well	2
welcome	2
weakest	2
wastershed	2
warrantage	2
warm	2
wakay	2
vs.	2
volcanic	2
vitamin	2
visant	2
vietnamese	2
veterinarian	2
veritable	2
verified	2
utmost	2
utilizarán	2
utilizando	2
us26.2	2
uruguay	2
upscaling	2
uploaded	2
upgraded	2
upfront	2
up	2
unwanted	2
unused	2
unsuccessful	2
unstructured	2
unrealistic	2
unrealised	2
unquantifiable	2
unproductive	2
unpaved	2
unlocking	2
unlined	2
united	2
unintended	2
unfulfilled	2
unfriendly	2
undesirable	2
underutilized	2
undertake	2
unaffordable	2
turmeric	2
turkish	2
tshopo	2
triggered	2
triangular	2
transversal	2
transient	2
topographical	2
tier	2
thriving	2
threatening	2
thorny	2
teenage	2
tax	2
taux	2
tard	2
taiwanese	2
synonymous	2
synergistic	2
symptomatic	2
sygri	2
sustentable	2
surprising	2
suivant	2
suburban	2
subtotal	2
subordinate	2
strengthenthe	2
stored	2
storage	2
stigmatization	2
static	2
starchy	2
spécialisées	2
sporadic	2
speedy	2
sparse	2
soviet	2
sostenible	2
sonibank	2
soluble	2
soient	2
societe	2
size	2
situational	2
situ	2
sighted	2
sierra	2
sided	2
side	2
sheltered	2
sharpest	2
semen	2
selous	2
sedimentary	2
secured	2
secretariat	2
secret	2
sandy	2
saltwater	2
réseaux	2
réhabilitées	2
rural-	2
rugged	2
rplp	2
roundtable	2
rooted	2
rolling	2
ripple	2
ripe	2
restrictive	2
restored	2
resident	2
republican	2
replicable	2
renowned	2
rejuvenated	2
reinboursment	2
reimbursed	2
reformer	2
reef	2
reducción	2
recrutement	2
recognised	2
ranking	2
rainfed	2
pure	2
punjab	2
pula	2
prévoir	2
présenter	2
proxy	2
provenant	2
protect	2
proportional	2
promoted	2
prohibitive	2
program	2
proficient	2
procesamiento	2
principle	2
prescribed	2
presar	2
prepas	2
premature	2
predictive	2
precipitous	2
poverty	2
pour	2
potent	2
portant	2
portal	2
pooled	2
polythene	2
polluting	2
pluvial	2
plus	2
pluriannual	2
plateaux	2
pilot	2
pillar	2
pharmaceutical	2
petite	2
pesd	2
perpetual	2
performing	2
país	2
passu	2
parametric	2
painful	2
pader	2
oversized	2
overhead	2
outgrower	2
outgoing	2
ordinaire	2
optimise	2
opted	2
one-	2
onape	2
oldest	2
off-	2
occupied	2
oblast	2
objetivos	2
nuts	2
nutritive	2
nontraditional	2
noncommunicable	2
ninth	2
neonatal	2
neighbouring	2
negotiable	2
nautical	2
multifunctional	2
muddy	2
msme	2
moveable	2
motivated	2
morphological	2
moringa	2
moral	2
moist	2
modernised	2
missing	2
mismo	2
mise	2
miombo	2
mineral	2
mieux	2
midterm	2
micronutrient	2
microeconomic	2
microbiological	2
menées	2
mega	2
married	2
market-	2
macro-	2
los	2
longstanding	2
longest	2
longer-	2
lighter	2
licensed	2
leveraged	2
lendable	2
latent	2
lain	2
lacking	2
janvier	2
jamaican	2
iterative	2
itemized	2
isolationist	2
irrelevant	2
ips	2
investment-	2
invariable	2
intuitional	2
intertidal	2
intergenerational	2
interdisciplinary	2
interdependent	2
interdepartmental	2
intercropping	2
interconnected	2
intercommunal	2
intentional	2
integrative	2
intangible	2
intact	2
insured	2
insulated	2
institucional	2
instable	2
inshore	2
inorganic	2
inhospitable	2
infrast	2
infrared	2
inflow	2
inflationary	2
inferior	2
inexpensive	2
inexhaustible	2
industrialized	2
indurated	2
indiscriminate	2
independence	2
incumbent	2
incoming	2
income	2
inasmuch	2
inadvertent	2
inactive	2
imputed	2
impliquant	2
implement	2
illustrative	2
identifiable	2
hypothetical	2
hydrologic	2
human-	2
https://idbg.sharepoint.com/teams/ez-ha-lon/ha-l1107/_layouts/15/docidredir.aspx?id=ezshare-2047280280-6	2
https://idbg.sharepoint.com/teams/ez-ha-lon/ha-l1107/_layouts/15/docidredir.aspx?id=ezshare-2047280280-22	2
homogeneous	2
hitherto	2
himalayan	2
high-5	2
heaviest	2
heavier	2
hardy	2
handicapped	2
guyanese	2
growth	2
gold	2
glacial	2
geomorphological	2
generous	2
gambian	2
furthest	2
frica	2
freshwater	2
formidable	2
food-	2
financées	2
fierce	2
fictitious	2
favorisant	2
fatal	2
farmod	2
faisant	2
facilitative	2
faceted	2
extremist	2
explanatory	2
expandable	2
existence	2
exhausted	2
exemplary	2
exclusivamente	2
excluded	2
excluant	2
exch	2
evaluated	2
erstwhile	2
erosion	2
eroded	2
envisagé	2
environemntal	2
environ	2
entrenched	2
ensured	2
endowed	2
encroachment	2
empty	2
employable	2
emergent	2
embryonic	2
electromagnetic	2
egalitarian	2
effluent	2
efficiency	2
earthquake	2
e-	2
décent	2
dutch	2
durablement	2
dryland	2
doctoral	2
disturbing	2
distortionary	2
distorted	2
disposable	2
disponible	2
disorganized	2
dismal	2
disease-	2
discrete	2
disastrous	2
diplomatic	2
diligent	2
differential	2
diesel	2
diarrheal	2
devoted	2
development	2
determinant	2
destitute	2
destinés	2
descendant	2
depressed	2
demonstrative	2
delicate	2
deliberate	2
delayed	2
degenerated	2
defect	2
deberán	2
dead	2
daunting	2
damaged	2
dairy	2
cumulated	2
csos	2
créé	2
crop-	2
creek	2
creditworthiness	2
creative	2
covid	2
couvrant	2
courteous	2
counterpart	2
counter	2
corridor	2
correct	2
converged	2
controlled	2
controllable	2
contributory	2
contrary	2
contagious	2
consumable	2
construction	2
conjunctive	2
conjointe	2
congenial	2
conflict-	2
conductive	2
concretely	2
concessionary	2
conceivable	2
conant	2
compulsory	2
compound	2
componente	2
compile	2
compensatory	2
compact	2
community-	2
commendable	2
collateral	2
cognitive	2
cocoa-	2
closest	2
climactic	2
characteristic	2
changement	2
cent	2
ccafs	2
cautious	2
categorical	2
casual	2
capacity-	2
canadian	2
cameroonian	2
buoyant	2
broken	2
beze	2
beneficiary	2
beneficiaries/	2
base	2
barren	2
bank´s	2
bacteriological	2
backup	2
avoidable	2
audiovisual	2
associate	2
assigned	2
architectural	2
archeological	2
antimicrobial	2
anthropic	2
anida	2
andean	2
ancestral	2
alive	2
aligned	2
alien	2
alert	2
albanian	2
agropole	2
agropastoraux	2
agrochemical	2
agoro	2
affiliated	2
advisable	2
adolescent	2
adjusted	2
adaptable	2
actor	2
aceptable	2
accompanying	2
accession	2
abovementioned	2
about	2
5.4.2	2
5.2.5	2
5.1.1	2
4.3.1	2
3n	2
3.2.8	2
25th	2
1b	2
15th	2
15-jun-2016	2
14th	2
13th	2
10th	2
/total	2
-5.2	2
-4.6	2
+9.7	2
	1
≥50,000	1
–	1
‐0.7	1
étroite	1
établir	1
éléphant	1
également	1
|for	1
zootechnical	1
zaban	1
youth	1
yielded	1
yellowfin	1
wua	1
worthy	1
worksite	1
workload	1
workforce	1
workable	1
wooded	1
women-	1
women	1
wireline	1
wireless	1
windward	1
width	1
widened	1
whopping	1
whirl	1
wealthiest	1
waterlogged	1
water-	1
wastewater	1
wasteful	1
warrant	1
warmer	1
warehousing	1
waapp	1
vérifier	1
vous	1
voting	1
voted	1
vivid	1
vivant	1
vingt	1
vigilant	1
vesicular	1
verification	1
verbal	1
vendue	1
vehicular	1
vague	1
utter	1
utilities;(iii	1
usurped	1
using	1
usd9.00	1
usd85.76	1
usd7.40	1
usd40	1
usd34.09	1
usd3.80	1
usd2.23	1
usd2,333,835.26	1
usd17.65	1
us20.6	1
urbanised	1
upazilla	1
up-	1
unwilling	1
unviable	1
untraceable	1
untimely	1
unsupervised	1
unspent	1
unsound	1
unsolved	1
unsecured	1
unsatisfied	1
unsanitary	1
unprogrammed	1
unprepared	1
unpleasant	1
unplanned	1
unmixed	1
unmechanised	1
unmanned	1
unlisted	1
unlevel	1
unlawful	1
unitary	1
unintentional	1
unindexed	1
unimproved	1
unimpeded	1
unifiée	1
unidad	1
unhelpful	1
unfunded	1
unfpa	1
unforeseeable	1
unfit	1
unfinished	1
unfettered	1
unexploded	1
uneducated	1
uneconomical	1
undue	1
undivided	1
undisclosed	1
undetermined	1
undervalued	1
undertakes	1
undertaken	1
underprivileged	1
underperformed	1
undefined	1
undamaged7	1
uncovered	1
unconventional	1
unconfined	1
uncommon	1
unclarified	1
unchecked	1
unawareness	1
unaware	1
unambiguous	1
unaddressed	1
unaccompanied	1
unacceptable	1
un-	1
un	1
ultilateral	1
ultifunctional	1
ulitmedia	1
uemoa	1
udit	1
ucar	1
ubtotal	1
ua17.2	1
twentieth	1
tvhe	1
turbulent	1
tube-	1
trustworthy	1
trusted	1
trigger	1
triennal	1
tributary	1
treated	1
travaux	1
traumatic	1
transverse	1
transparency	1
transmissible	1
translational	1
transgenic	1
transferable	1
transf	1
traitent	1
training	1
trade	1
tracked	1
traceable	1
tpia	1
towed	1
tournées	1
touristic	1
tougher	1
topical	1
token	1
titled	1
title	1
timid	1
timelier	1
tied	1
thrust	1
threefold	1
textile	1
tested	1
territorialized	1
terminal	1
tensioning	1
tense	1
tenfold	1
tenera	1
tendering	1
tbd]low	1
targ	1
tardy	1
tamarind	1
tactical	1
s’étendant	1
syscoa	1
synergic	1
sylvicultural	1
swiss	1
swiofish1	1
sweetened	1
susvisée	1
suscribirán	1
sur	1
supreme	1
supra	1
supplement	1
superviseur	1
superficial	1
sunniest	1
sunken	1
sundry	1
sudanian	1
sudani	1
successional	1
subtropical	1
subterranean	1
substantiated	1
substandard	1
subsistence-	1
subproject-	1
submersible	1
submerged	1
subcontracting	1
subcomponente	1
stunting	1
strip	1
striking	1
stressed	1
strategical	1
strained	1
straightforward	1
storied	1
stocked	1
stifled	1
stiff	1
sterile	1
steeper	1
statistic	1
station	1
startup	1
standards	1
staggered	1
stablishm	1
ssfsnp	1
spécifique	1
spéciaux	1
sprinkler	1
spiu	1
speculative	1
southeastern	1
southeast	1
sorting	1
sort	1
sorghum	1
solutions	1
sollicité	1
solicitar	1
solicit	1
softer	1
sodic	1
sociopolitical	1
sociological	1
snowcapped	1
snapshot	1
smes/	1
smes	1
slowest	1
slim	1
skipjack	1
sixty	1
site	1
singular	1
sima	1
siha	1
siguiente	1
signés	1
signé	1
siempre	1
shrub	1
shrimp	1
shortlist	1
short-	1
shocking	1
shep7	1
sheer	1
shed	1
sharper	1
set	1
sesas	1
serán	1
services	1
service-	1
serological	1
serial	1
sequenced	1
septic	1
sentido	1
sensible	1
sensed	1
segmented	1
security-	1
secular	1
sectors;30	1
sectional	1
sect	1
seconded	1
secessionist	1
seated	1
sean	1
scavenging	1
scarcest	1
scaled	1
scale	1
savoir	1
sapip)4	1
sanitory	1
samoa	1
sami	1
salted	1
salinity-	1
saline	1
sales(local	1
saleable	1
salary	1
saiss	1
sahyadri	1
révisées	1
résiliente	1
résiliant	1
régulier	1
réfugiés	1
réduisant	1
rusty	1
rustic	1
runaway	1
run	1
rough	1
rotten	1
ronic	1
roasted	1
roads/	1
riz	1
river/	1
rivalry	1
rival	1
risks	1
risk-	1
rising	1
ringfenced	1
rinderpest	1
rights-	1
rife	1
rice-	1
rewarding	1
revolution	1
revitalized	1
revisable	1
reversed	1
revenue	1
rev.2	1
returnee	1
retrouvent	1
retrospective	1
resurgent	1
restock	1
restituted	1
response	1
responsabilité	1
respondent	1
respectful	1
respectable	1
resource-	1
resource	1
research-	1
requiere	1
reproductive/	1
repressive	1
representante	1
replete	1
replanted	1
repayable	1
rented	1
renouvelable	1
renforçant	1
renewal	1
remunerated	1
rehabilitative	1
rehabilitation	1
rehabilitated	1
regret	1
regressive	1
registering	1
regional-	1
regenerated	1
refurbish	1
refrigerated	1
reformed	1
refinanced	1
referral	1
reefer	1
redress	1
recycled	1
recyclable	1
rectangular	1
recourant	1
record	1
recognizable	1
reclaimed	1
reciprocal	1
recevoir	1
rebel	1
reassuring	1
reallocated	1
reactivated	1
reactivate	1
reachable	1
rcfi	1
rayan	1
rationalized	1
rationale	1
rata	1
rassemblant	1
rapportsd''activités	1
rangeland	1
rampant	1
rainforest	1
rain-	1
racial	1
r	1
quicker	1
quarry	1
quarante	1
qualité	1
qcs	1
purpose	1
pul	1
puissent	1
publish	1
ps@pmo.go.tz	1
préfectoraux	1
préfectorale	1
préfectoral	1
protégées	1
protracted	1
propsoed	1
proprietary	1
proposées	1
promotion	1
promissory	1
promifa	1
prolific	1
proliferation	1
profession	1
productivity-	1
proce-	1
probative	1
probabilistic	1
privilégier	1
privilégiant	1
privilegiarán	1
priori	1
primordial	1
previsionnel	1
preventative	1
preventable	1
pressurised	1
pressured	1
preinvestment	1
predefined	1
precis	1
pre-2013	1
pre-	1
pratiquer	1
pproval	1
power	1
pouvant	1
pourraient	1
potentiellement	1
potencial	1
postal	1
positioned	1
porous	1
porcentual	1
poplar	1
ponent	1
pome	1
polynesian	1
polyclonal	1
polic	1
ploym	1
plat	1
plantain	1
piparv	1
pioneering	1
pine	1
phytoanitary	1
physiographic	1
photovoltaic	1
photocopier	1
phosphorous	1
phasing	1
peu	1
pest	1
perverse	1
persue	1
personnel	1
persist	1
performant	1
performance-	1
perfect	1
perceptible	1
perceived	1
pequeña	1
peppercorn	1
people?s	1
peninsular	1
pelagic	1
pedological	1
pecuniary	1
peacebuilding	1
pdsa	1
patriarchal	1
patient	1
patible	1
pathogenic	1
pathogen	1
patag	1
pastural	1
pasta	1
passionate	1
partite	1
participant	1
partic	1
park	1
pariis	1
parental	1
parasitic	1
paradoxa	1
pansandad	1
pan	1
pa#7	1
p_c	1
p2rs	1
p158958	1
p155412	1
ozcelik	1
own-	1
overstretched	1
oversea	1
overnight	1
overlooked	1
overgrown	1
overburden	1
outward-	1
outsourced	1
outreach	1
outputs	1
outgrower-	1
ouest	1
ost	1
oruega	1
orthodox	1
orpf.2	1
oriented	1
orial	1
organoleptic	1
organizacional	1
ordination	1
optimized	1
opt	1
operationali-	1
opaque	1
onward	1
onstrative	1
onment	1
onerous	1
omponent	1
omnipresent	1
olivine	1
oitfm	1
offtake	1
offline	1
office	1
odern	1
ochai	1
obvious	1
obstetrical	1
obstante	1
obligations	1
nutrient-	1
nsdp)-ii	1
notional	1
noticeable	1
northwest	1
north-	1
nonresponse	1
nonrefundable	1
nonprofit	1
nonperforming	1
nonnative	1
nonindustrial	1
nongovernmental	1
nonfood	1
nonbeneficiary	1
nonagricultural	1
nominative	1
nodo	1
nmmu	1
njombe	1
nitrogenous	1
newly-	1
newest	1
neural	1
networked	1
nervous	1
neral	1
nehoue@worldbank.org	1
neglected	1
nearest	1
ndividual	1
nationals-	1
nationallyii	1
nationale	1
national-	1
narrative	1
napped	1
namibian	1
nacional	1
myriad	1
multipronged	1
multiparty	1
multifocal	1
multifaceted	1
multiannual	1
msfd	1
mportant	1
moyennement	1
moye	1
mouvementés	1
motorized	1
morphologic	1
morjkip	1
moribund	1
montenegro	1
monsoonal	1
monopolistic	1
monolingual	1
monitored	1
monetised	1
moldovan	1
module	1
modified	1
moderately	1
modeling	1
mobilizing	1
mobilize	1
misguided	1
minus	1
minerals	1
minded	1
minagr3@ethionet.et	1
million).these	1
milch	1
migration-	1
migrants	1
mid-2015	1
mfw4a	1
mettant	1
meticulous	1
meta	1
mentoring	1
mentionable	1
mediocre	1
mechanised	1
mechanic	1
mayor/.	1
matching	1
masonry	1
marndr	1
markets.16	1
market	1
marginalised	1
marais	1
manufactured	1
manquant	1
manmade	1
mangrove	1
manganese	1
mandate	1
managenatural	1
maitrisées	1
maintenance	1
maintained	1
mainstay	1
mainly	1
mainland	1
main-	1
maffs	1
mad	1
maah	1
m&e	1
m	1
l’initiative	1
lower-	1
longitudinal	1
locally-	1
lobster	1
loanable	1
living	1
livestock	1
livelihood-	1
lived	1
livable	1
littoral	1
linkages	1
linguistic	1
limpopo	1
limite	1
ligneux	1
lifelong	1
lichinga	1
lic	1
liberalized	1
liberal	1
liaison	1
leur	1
leguminous	1
leeward	1
ldcf	1
lay	1
latitudinal	1
laterite	1
largely	1
lakes	1
lacklustre	1
lacement	1
l''atda	1
l''agro	1
kyrgyz	1
kp#1	1
kind	1
kg	1
kankan	1
justifiable	1
jouent	1
jocoli	1
jica	1
jeopardized	1
ivit	1
ivindo	1
itinerant	1
ited	1
irrigate	1
irrevocable	1
irreparable	1
irrational	1
iranian	1
ional	1
investm	1
intrinsic	1
intraregional	1
interviennent	1
intervenant	1
interstate	1
intersectoral	1
intermittent	1
interior	1
interinstitutional	1
interinstitucional	1
interethnic	1
intercensal	1
intent	1
insurable	1
instrument-	1
instil	1
installment	1
inst	1
insolvent	1
insert	1
insensitive	1
insecticide	1
insect	1
inoperative	1
inner	1
inheritable	1
inhabited	1
ingenuous	1
ing	1
infrastructure	1
inform	1
infertile	1
inexperienced	1
inequalit	1
indígenous	1
indépendant	1
induced	1
individualized	1
indica	1
independiente	1
indebtedness	1
indebted	1
increasing	1
incorrect	1
incorporated	1
inconsequential	1
including	1
incluant	1
inclement	1
incidental	1
incapable	1
improve	1
impractical	1
impoverishment	1
imported	1
implementable	1
impersonal	1
impending	1
impaired	1
immono	1
immoderate	1
immeuble	1
immaterial	1
illustrious	1
illusory	1
illegitimate	1
ilitate	1
ii.a.1	1
igurusi	1
idle	1
idev11	1
identifier	1
identification	1
idbdocs#40403194	1
icipe	1
ibce).11	1
i-	1
hydrometric	1
hydroelectric	1
hydrocarbon	1
hydro-	1
hungriest	1
humidity-	1
humble	1
humanitarian-	1
https://idbg.sharepoint.com/teams/ez-pr-lon/pr-l1148/_layouts/15/docidredir.aspx?id=ezshare-1327205104-8	1
https://idbg.sharepoint.com/teams/ez-pr-lon/pr-l1148/_layouts/15/docidredir.aspx?id=ezshare-1327205104-7	1
https://idbg.sharepoint.com/teams/ez-pr-lon/pr-l1147/_layouts/15/docidredir.aspx?id=ezshare-345112541-2	1
http://idbdocs.iadb.org/wsdocs/getdocument.aspx?docnum=40691878	1
http://idbdocs.iadb.org/wsdocs/getdocument.aspx?docnum=40679857	1
http://idbdocs.iadb.org/wsdocs/getdocument.aspx?docnum=40677496	1
hospitable	1
hooded	1
holy	1
hodological	1
hipc	1
higher-	1
hicualacuala	1
hermetic	1
herbal	1
herbaceous	1
henceforth	1
helpful	1
heightened	1
hedged	1
headquarter	1
he-	1
harness	1
harmless	1
handsome	1
handheld	1
handed	1
hamstrung	1
halved	1
hail	1
générant	1
guaranteed	1
growth-	1
grill	1
gricultural	1
grey	1
graveyard	1
grave	1
grantsactual	1
grant	1
gouvernementales	1
good-	1
glutinous	1
glaring	1
given	1
gharial	1
german	1
geopolitical	1
geophysical	1
genital	1
generational	1
generation	1
gendered	1
gastrointestinal	1
gaseous	1
gardening	1
gabonese	1
fungible	1
fungal	1
funding.9	1
functioning	1
funcionando	1
fulfilm	1
ful	1
frustrating	1
fro	1
fraught	1
frastru	1
framer	1
fractured	1
fournissant	1
fourni	1
fourfold	1
fortunate	1
fortified	1
formés	1
formulate	1
formed)actual	1
formalisant	1
foregoing	1
forego	1
for-	1
foodgrain	1
fluvial	1
fluid	1
floodable	1
floating	1
fledgling	1
fledged	1
flawed	1
flagrant	1
flagged	1
five-	1
finançant	1
financière	1
"financing""5"	1
financier	1
financer	1
financement	1
fim	1
fileted	1
filed	1
fifteenth	1
ferruginous	1
febuary	1
faune	1
fat	1
farmers5	1
farm-	1
fapa	1
faostat.fao.org	1
famory	1
family-	1
families	1
famer	1
fallow-	1
fairer	1
faecal	1
fada-	1
factor	1
facilitated	1
facile	1
facie	1
eyed	1
extension	1
extensible	1
exprimer	1
expressible	1
express	1
expost	1
export	1
exponential	1
experie	1
expense	1
expeditious	1
expectant	1
expatriate/	1
expansive	1
existent5	1
existant	1
exerçant	1
executable	1
exclusiveness-	1
exclusionary	1
excludable	1
exchangeable	1
exca	1
evolutionary	1
evnrionmental	1
evidence-	1
evergreen	1
ever-	1
evd	1
evaluativos	1
evaluative	1
evaluat	1
ev.1	1
eurasian	1
etiologic	1
ethno	1
estuary	1
estarán	1
especial	1
esms	1
esmfand	1
esmf	1
esia	1
escaped	1
erroneous	1
erosive	1
erosional	1
erkan	1
equity	1
episodic	1
epidemiologic	1
ephemeral	1
environnemental	1
environmentally-	1
environmental/	1
enviornmental	1
entrustment	1
enthusiastic	1
enteric	1
ent	1
enrolment	1
enlightened	1
enlarged	1
engaging	1
endangered	1
end-2015	1
encouraged	1
enclosed	1
enclaved	1
enclave	1
empowered	1
empower	1
employed	1
emphatic	1
emphasized	1
emitting	1
emerging	1
emburseable	1
embargo	1
elusive	1
elicit	1
eleventh	1
elementary	1
elective	1
election	1
elect	1
elaborating	1
elaborated	1
ejecutadas	1
education/	1
edaphic	1
ecuadorian	1
ecst	1
eaux	1
earliest	1
déterminé	1
détaillée	1
déploiement	1
département	1
dégressive	1
définir	1
duplex	1
dualistic	1
drought-	1
drought	1
drc-	1
drainage	1
drafted	1
dpaq	1
dotées	1
dissolved	1
disseminationto	1
disseminate	1
dissatisfied	1
dispose	1
disponibilité	1
dispersed	1
discounted	1
disconnected	1
disclosed	1
discernible	1
disbursable	1
disaster	1
disappointing	1
disaggregated	1
disadvantageous	1
directorate	1
directivos	1
directional	1
direct-	1
diminished	1
diminish	1
digitised	1
diffusées	1
differing	1
differentiate	1
differed	1
diary	1
diachronic	1
dh18.6	1
deviennent	1
detrimental	1
deterministic	1
deteriorating	1
deteriorated	1
detailing	1
destabilizing	1
desirous	1
desalinated	1
derivative	1
deputy	1
deprived	1
depressing	1
deployed	1
depleted	1
denuded	1
demonstrational	1
demonstrated	1
demonstrable	1
demobilized	1
demesnial	1
demand-	1
delà	1
deliberative	1
deleterious	1
degradable	1
defunct	1
definitive	1
definite	1
defined	1
deepen	1
decrepit	1
deconcentrated	1
declining	1
declined	1
deceitful	1
deccan	1
decadal	1
deadly	1
dasheen	1
cynegetic	1
customised	1
currencytotal	1
currency	1
culturral	1
culturable4	1
cultivated	1
criteria	1
crippling	1
crgactual	1
coïncident	1
costo	1
cost	1
cosop	1
cosmopolitan	1
copper	1
coping	1
coop	1
cooked	1
convincing	1
convenient	1
controversial	1
control	1
contrasted	1
contracting	1
contraceptive	1
contigencies	1
contextualized	1
contested	1
contemporary	1
contaminant	1
containerized	1
contained	1
contactless	1
contable	1
consular	1
constructed	1
constituted	1
consolidate	1
conscious	1
coniferous	1
congruent	1
confirmed	1
confident	1
confectionary	1
conducted8	1
conditionnement	1
condensed	1
concomitant	1
concernées	1
concernant	1
computable	1
comprehensively	1
complicated	1
community‐led	1
commodity	1
commerciaux	1
commercialized	1
coming	1
collateralized	1
coc	1
coated	1
clustered	1
closing	1
closed	1
clonal	1
climatological	1
climatique	1
climate-	1
climat	1
client-	1
classic	1
clandestine	1
civilian	1
citrus	1
citizen-	1
circumstantial	1
ci-	1
chronological	1
chroniquement	1
christian	1
chose	1
chitral	1
checked	1
chapter	1
challenged	1
chak	1
chairing	1
cgiar	1
cg	1
cfaf	1
cess	1
certification.3	1
categorized	1
catastrophic	1
catalysed	1
cast	1
cashflow	1
cascading	1
cari	1
carbon	1
capricious	1
capillary	1
capacitated	1
canopy	1
cancelable	1
camparative	1
caloric	1
callable	1
calam	1
cahier	1
cadp	1
c3.2	1
c3.1	1
c.	1
bâtiment	1
buyende	1
butane	1
burundi	1
burdensome	1
bugabira	1
brotherly	1
broadleaved	1
broadest	1
broad-	1
british	1
bright	1
breakeven	1
branded	1
branch	1
boundarynatural	1
borrow	1
booming	1
bod5<10	1
bloated	1
blinded	1
blind	1
blank	1
bitter	1
biracial	1
bipolar	1
biotic	1
biofortified	1
binding	1
bid	1
bibliographical	1
bi-	1
bezia	1
benthic	1
benign	1
benevolent	1
benefits	1
beneficiaries	1
belgian	1
bauxite	1
basaltic	1
bank	1
balkan	1
baked	1
bagged	1
bacterial	1
b2/	1
b/	1
b.2)enhanced	1
axis	1
aweil	1
awdal	1
avoided	1
aviculture	1
averse	1
avanti	1
availed	1
automotive	1
authoritarian	1
autant	1
auprès	1
augmentant	1
attitudinal	1
attendus	1
attainable	1
attack-	1
atmospheric	1
asymmetrical	1
associatio	1
associant	1
assign	1
assessed	1
artifical	1
arsenic	1
argentinian	1
arduous	1
arbitrary	1
arab	1
aquifer	1
apt	1
approx	1
appointive	1
apparent	1
apiary	1
anticipatory	1
anthropometric	1
answerable	1
anonymous	1
annum	1
annexed	1
animal-	1
anglophone	1
ancient	1
analytic	1
amélioré	1
amicable	1
amenable	1
ambiental	1
ambient	1
amazonian	1
alluvial	1
allomorphic	1
alimentant	1
algal	1
alcoholic	1
ajor	1
ainable	1
aif-2	1
ahai.1	1
agrosilvopastal	1
agroprocessing	1
agrologistical	1
agroenvironmental	1
agroclimatological	1
agrihub	1
agribusiness-	1
agribusdev	1
agrcultural	1
ago	1
aggressive	1
aggregated	1
agency,14	1
aged	1
afro-	1
afforested	1
affected11	1
aesthetic	1
aerial	1
advantaged	1
adoptent	1
adjustable	1
adjunct	1
adjoining	1
adic-	1
adf	1
adelante	1
addit	1
added	1
adapt	1
activated	1
actionable	1
acting	1
acoustic	1
acordado	1
accustomed	1
accrue	1
accroissement	1
accompagnés	1
accommodative	1
acclaimed	1
accidental	1
accepted	1
abysmal	1
abusive	1
abstract	1
abrogated	1
abiotic	1
90%.7	1
71st	1
6.2.2	1
5web	1
5s	1
5.2.4	1
4q	1
44,047,565.3	1
43rd	1
4.5.2	1
4.5.1	1
4.2.2	1
38th	1
31st	1
31-mars-19	1
31-dec-25	1
31-dec-24	1
3.2.2	1
3,500(2,000/1,500	1
23-mar-22	1
22nd	1
227/	1
201climate	1
2016–20	1
2015.international	1
2.1.total	1
18/5/16	1
18.05.2016	1
17,651,318.3	1
150th	1
15-fold	1
148th	1
130th	1
10-jan-2016	1
1.2.3	1
1.1.total	1
1,39139	1
1,24294	1
04-mar-2015	1
/	1
-related	1
-mid	1
-lived	1
-intraregional	1
-european	1
-cutting	1
-69798	1
-6.6	1
-6.1	1
-6.0	1
-4,7	1
-3,4	1
-3,2	1
-20.0	1
-2,5	1
-14.0	1
-10.0	1
-10,0	1
-0.3	1
-0.2	1
-(.1	1
+52	1
+250788303665	1
+225	1
+2	1
#	1
