keyword	frequency
bank	127
project	121
development	57
world	53
agriculture	29
ifad	22
agricultural	21
program	14
support	11
management	11
government	11
fund	11
rural	10
adf	9
national	8
lot	7
programme	6
niger	6
plan	5
haiti	5
guinea	5
eur	5
chad	5
benin	5
africa	5
water	4
tsf	4
sector	4
region	4
lesotho	4
irrigation	4
des	4
covid-19	4
cfaf	4
angola	4
sudan	3
strategy	3
senegal	3
rev.1	3
projet	3
piu	3
paraguay	3
morocco	3
moldova	3
marndr	3
liberia	3
leone	3
land	3
lake	3
kenya	3
ghana	3
food	3
faso	3
fao	3
esmf	3
drc	3
cost	3
congo	3
climate	3
china	3
burundi	3
burkina	3
bolivia	3
bissau	3
argentina	3
zambia	2
youth	2
uganda	2
turkey	2
technology	2
tanzania	2
south	2
social	2
sierra	2
risk	2
resilient	2
regional	2
ptta	2
province	2
programa	2
north	2
nigeria	2
myanmar	2
ministry	2
minagri	2
market	2
malawi	2
maharashtra	2
mag	2
landscapes	2
india	2
idb	2
health	2
guyana	2
green	2
grant	2
gabon	2
fonds	2
fisheries	2
financing	2
digital	2
côte	2
cote	2
cgiar	2
boké	2
asap	2
african	2
afghanistan	2
zar	1
zaghouan	1
yemen	1
year	1
wfp	1
west	1
weir	1
wee	1
wash	1
vietnam	1
victoria	1
uzbekistan	1
uruguay	1
urt	1
urc	1
ukraine	1
ucar	1
tvet	1
tunisia	1
tsh	1
trip	1
transformation	1
tourism	1
total	1
tonga	1
togo	1
tnd	1
title	1
tcep	1
tbd	1
tasc	1
tadb	1
taat	1
syrian	1
swio	1
sud	1
status	1
state	1
somalia	1
smart	1
skills	1
serbia	1
senasag	1
senacsa	1
security	1
scpz	1
sanitation	1
samriddhi	1
samoa	1
salvador	1
sahel	1
sagcot	1
rwanda	1
ruaha	1
rplp	1
road	1
rlacc	1
riz	1
river	1
research	1
report	1
rep	1
recipient	1
rcn	1
rating	1
rani	1
r.8	1
r.23	1
qcbs	1
qaraoun	1
pzta	1
punjab	1
psta	1
pse	1
prosap	1
productive	1
prodivac	1
prodefi	1
procurement	1
proader	1
prepas	1
precis	1
pradesh	1
poyang	1
poverty	1
post	1
png	1
pmu	1
phase	1
peu	1
peja	1
pdzta	1
pdzsta	1
pdcv	1
pdar	1
pcu	1
pceu	1
patareb	1
patag	1
pastoral	1
pasta	1
pagpa	1
padecas	1
padcae	1
padaer	1
padaam	1
pacvear	1
pacba	1
p2rs	1
p175263	1
p167945	1
p167860	1
p164764	1
p164509	1
p159979	1
p.9	1
p.8	1
p.15	1
ongo	1
oie	1
oecs	1
odisha	1
nrlp	1
nepal	1
natp-2	1
natp	1
nares	1
nanni	1
namsip	1
namibia	1
mozambique	1
mosap	1
mordi	1
montenegro	1
mofa	1
ministers	1
mifa	1
mgap	1
mcrp	1
mawf	1
mauritania	1
masa	1
maratakka	1
mali	1
maldives	1
mail	1
madagascar	1
maah	1
lumpsum	1
luhansk	1
lsi	1
loan	1
livestock	1
litani	1
lebanon	1
lao	1
kyrgyz	1
kosovo	1
kordofan	1
khyber	1
kcsap	1
kankan	1
jamara	1
jamaica	1
irrigated	1
international	1
inra	1
improvement	1
implementation	1
imf	1
iita	1
igad	1
ida	1
icar	1
honduras	1
himachal	1
guatemala	1
guangxi	1
group	1
groundnut	1
grenada	1
girsal	1
ghg	1
gef	1
gdp	1
gambia	1
gafsp	1
fonsis	1
fnda	1
fishery	1
ffs	1
ethiopia	1
espes	1
enhancement	1
economic	1
eaj	1
drslp	1
drd	1
diffa	1
dgdr	1
department	1
del	1
ddrr	1
dcea	1
date	1
csa	1
crda	1
council	1
comrural	1
component	1
commercial	1
colombia	1
coffee	1
census	1
cenrat	1
cbl	1
cashew	1
car	1
canal	1
cameroon	1
cabinda	1
bélier	1
bif	1
basin	1
banco	1
badf	1
avdp	1
association	1
assam	1
asdu	1
appsa	1
animal	1
amvat	1
albania	1
aiccra	1
agreement	1
aecid	1
adaptation	1
