verb	frequency
is	12033
be	11949
are	6704
has	3779
have	3391
including	2656
been	2404
based	1980
was	1681
include	1608
ensure	1598
support	1558
proposed	1493
improve	1416
provide	1292
expected	1174
following	1156
increase	1115
increased	1016
related	976
were	963
financed	942
set	926
improving	904
implemented	863
estimated	834
existing	815
contribute	805
used	798
prepared	785
supported	760
selected	756
improved	745
provided	730
promote	721
developed	721
identified	713
finance	711
strengthen	699
established	693
made	683
strengthening	673
required	614
reduce	596
using	595
targeted	594
help	591
implementing	590
increasing	580
supporting	548
being	542
included	538
approved	538
enhance	537
address	532
means	518
develop	488
given	485
carried	484
agreed	477
promoting	457
needed	447
includes	447
implement	431
make	427
does	425
associated	420
build	415
conducted	412
triggered	407
according	405
take	399
facilitate	397
providing	388
considered	382
remains	377
continue	376
aims	368
affected	359
involved	353
aligned	353
developing	352
building	350
benefit	349
do	348
reducing	340
updated	338
meet	332
defined	331
designed	329
adopted	328
enhancing	325
disclosed	324
lead	312
identify	312
focus	307
reports	303
enable	302
ensuring	300
create	300
taken	290
prepare	290
added	289
submitted	287
compared	286
manage	285
establish	283
require	282
generate	280
cause	279
created	277
climate	275
integrated	274
provides	271
led	271
cover	271
achieve	266
managed	262
see	260
use	258
funded	257
financing	249
driven	248
located	243
presented	241
making	241
mitigate	237
enabling	237
undertaken	234
participating	234
trained	233
generated	233
planned	232
described	232
aimed	230
allocated	229
working	228
cost	228
learned	225
achieved	224
known	223
executing	223
strengthened	222
need	222
completed	222
allow	218
creating	217
remain	216
growing	216
receive	212
specified	210
work	209
had	209
establishing	209
resulting	208
follows	204
addressing	202
monitoring	200
limited	198
determined	198
applied	198
apply	197
reduced	196
describe	190
achieving	188
signed	187
linked	187
did	187
monitor	186
rehabilitated	185
reflected	183
result	178
approve	176
relating	175
managing	175
engaged	174
involve	173
serve	172
supports	171
done	170
disaggregated	170
avoid	170
requires	168
disbursed	167
taking	166
produced	165
produce	165
held	165
become	163
•	162
generating	162
regarding	159
recruited	159
living	159
needs	158
maintain	157
works	156
reach	156
participate	155
operating	155
covering	154
affect	154
carry	153
built	153
reviewed	150
contributing	150
going	149
setting	147
matching	147
classified	147
focusing	146
involving	145
focused	144
designated	144
contributes	143
addressed	143
start	142
put	142
enhanced	142
dated	142
scaling	141
expand	141
adopt	140
boost	139
target	138
leading	138
incorporated	138
having	138
targeting	136
preparing	136
disputed	136
procured	134
facilitating	134
anticipated	134
guide	132
assess	132
received	131
emerging	131
amended	131
headed	130
assessed	130
seeks	129
executed	129
shows	128
du	128
covered	128
oriented	126
submit	125
pour	124
aim	124
accounts	124
show	123
revised	123
review	123
found	123
representing	122
projected	122
envisaged	122
note	121
noted	119
caused	119
organized	118
adapted	118
measured	117
grant	117
conduct	117
shared	115
protected	114
comply	114
indicated	113
follow	113
consulted	113
experienced	112
engage	112
delivered	112
comprise	112
cleared	111
assist	111
report	110
owned	110
coordinate	110
promoted	109
play	109
agree	109
performed	108
comprising	108
authorize	108
access	108
-	108
followed	107
deemed	107
protect	106
constructed	106
characterized	106
continued	105
combined	105
raising	104
processed	104
launched	104
scale	102
reporting	102
obtained	102
contributed	102
mitigated	101
depend	101
declined	101
certified	101
resulted	100
represents	100
reported	100
reflect	100
concerned	100
raise	99
expanding	99
deliver	99
covers	99
concerning	99
monitored	98
grow	98
focuses	98
considering	98
respond	97
face	96
expressed	96
confirmed	96
consolidate	95
audited	95
minimize	94
invest	94
impact	94
maintained	93
information	93
inform	93
farming	93
continues	93
account	92
reached	91
paid	91
opened	91
chaired	91
training	90
requested	90
processing	90
mentioned	90
adopting	90
proven	89
diversify	89
bring	88
cultivated	87
undertake	86
seek	86
recommended	86
constitute	86
committed	86
intended	85
rely	84
producing	84
pay	84
indicates	84
comprises	84
affecting	84
remaining	83
initiated	83
operate	82
encourage	82
offer	81
informed	81
identifying	81
facing	81
concluded	81
takes	80
prevent	80
met	80
live	80
expanded	80
determine	80
recognized	79
perform	79
safeguard	78
rising	78
represent	78
referred	78
placed	78
disseminate	78
incurred	77
depending	77
titling	76
prioritized	76
presents	76
appointed	76
leverage	75
issued	75
coordinated	75
shown	74
receiving	74
rated	74
launching	74
demonstrated	74
coordinating	74
supervised	73
installed	73
consists	73
accelerate	73
promotes	72
involves	72
incorporate	72
grown	72
foster	72
faced	72
consist	72
accounting	72
equipped	71
maintaining	70
limit	70
exist	70
detailed	70
costs	70
aged	70
published	69
mitigating	69
introduce	69
helping	69
employed	69
composed	69
benefiting	69
attached	69
sharing	68
outlined	68
introduced	68
guarantee	68
enter	68
cutting	68
reaching	67
ranked	67
integrate	67
collected	67
authorized	67
represented	66
contained	66
indicate	65
imported	65
form	65
add	65
structured	64
requiring	64
registered	64
plan	64
integrating	63
accessing	63
relate	62
employs	62
distributed	62
declining	62
come	62
validated	61
sets	61
faces	61
evaluated	61
define	61
coupled	61
carrying	61
sent	60
denominated	60
contain	60
remained	59
recorded	59
plans	59
negotiated	59
irrigated	59
impacted	59
granted	59
adapt	59
makes	58
linking	58
link	58
limiting	58
investing	58
increases	58
planning	57
measure	57
helped	57
governed	57
forced	57
explored	57
excluding	57
concentrated	57
complement	57
accounted	57
withdrawn	56
starting	56
offers	56
occur	56
observed	56
keep	56
hired	56
extended	56
extend	56
drawn	56
corresponding	56
constitutes	56
sustain	55
stand	55
introducing	55
disseminated	55
discussed	55
cropping	55
becoming	55
tailored	54
recommends	54
ranks	54
offered	54
changing	54
assigned	54
transferred	53
retained	53
highlighted	53
falling	53
contracted	53
conducting	53
attract	53
skills	52
restore	52
plays	52
move	52
grew	52
gained	52
fostering	52
fall	52
dominated	52
documented	52
assessing	52
arise	52
administered	52
accompanied	52
share	51
proposes	51
open	51
give	51
exposed	51
consider	51
claimed	51
acquired	51
started	50
reflects	50
project	50
fund	50
extending	50
depends	50
delivering	50
component	50
boosting	50
said	49
finalized	49
exceed	49
constrained	49
collect	49
upgrading	48
organised	48
meeting	48
dedicated	48
transform	47
stands	47
spread	47
mean	47
falls	47
builds	47
brought	47
allows	47
written	46
sold	46
secure	46
ranging	46
maximize	46
intends	46
identifies	46
demonstrate	46
completing	46
collaborate	46
supervise	45
showed	45
seen	45
results	45
overcome	45
obtain	45
fixed	45
draw	45
doing	45
design	45
benefited	45
affects	45
acting	45
acteurs	45
stipulated	44
putting	44
present	44
oversee	44
nonconsulting	44
lack	44
foreseen	44
find	44
fed	44
evaluate	44
entered	44
discuss	44
disclose	44
coming	44
allowing	44
addresses	44
transmitted	43
train	43
took	43
sought	43
reinforce	43
propose	43
les	43
keeping	43
fell	43
explain	43
controlled	43
cofinancing	43
applying	43
adjusted	43
✖	42
update	42
targets	42
sustained	42
stimulate	42
operated	42
finances	42
excluded	42
exacerbated	42
displaced	42
derived	42
captured	42
appears	42
triggers	41
regards	41
recognizes	41
induced	41
exceeding	41
diversified	41
consolidating	41
co	41
centres	41
allowed	41
accelerating	41
tend	40
securing	40
scheduled	40
run	40
moving	40
deployed	40
consulting	40
change	40
causing	40
attended	40
specify	39
reflecting	39
protecting	39
mobilize	39
meets	39
leveraging	39
guided	39
formulated	39
called	39
assisted	39
supplied	38
summarized	38
stated	38
recommend	38
occurred	38
modified	38
entail	38
decreased	38
continuing	38
capture	38
bénéficiaires	38
trigger	37
spent	37
re	37
rainfed	37
mobilizing	37
listed	37
ensures	37
ensured	37
diversifying	37
defining	37
contracting	37
arising	37
+39	37
sign	36
request	36
reduces	36
leads	36
justified	36
fulfilled	36
facilitated	36
dropped	36
concern	36
complemented	36
award	36
act	36
transforming	35
submits	35
scaled	35
responding	35
rehabilitate	35
recruit	35
reallocate	35
prevailing	35
politiques	35
owing	35
negotiate	35
kept	35
generates	35
engaging	35
drive	35
distributing	35
decentralized	35
comprised	35
bringing	35
yielding	34
underlying	34
tested	34
suggest	34
serving	34
select	34
preventing	34
modernizing	34
learnt	34
incorporating	34
governing	34
filled	34
feed	34
divided	34
corresponds	34
comes	34
chosen	34
borne	34
seeking	33
released	33
pose	33
lending	33
experiencing	33
empowered	33
cooperate	33
consisting	33
close	33
avoiding	33
valued	32
sell	32
reviewing	32
restoring	32
prohibited	32
pre	32
posted	32
left	32
lay	32
impacts	32
guiding	32
functioning	32
encouraged	32
enabled	32
emphasizes	32
disseminating	32
closing	32
upgraded	31
tackle	31
risks	31
revealed	31
prioritize	31
paying	31
organize	31
modernize	31
mainstreaming	31
lives	31
go	31
funding	31
formulate	31
exported	31
explore	31
elaborated	31
decided	31
creates	31
control	31
connected	31
capitalize	31
binding	31
began	31
align	31
utilize	30
uses	30
supplemented	30
specifying	30
screened	30
resolved	30
lend	30
laid	30
invested	30
formed	30
encouraging	30
encountered	30
empowering	30
embedded	30
deal	30
contains	30
consolidated	30
bidding	30
benefitting	30
appraise	30
adding	30
showing	29
secured	29
screen	29
saving	29
rose	29
relies	29
realized	29
learning	29
invited	29
execute	29
exacerbate	29
cope	29
compounded	29
awarded	29
attributed	29
anchored	29
verify	28
vary	28
suffer	28
served	28
record	28
handled	28
fill	28
evidenced	28
designate	28
became	28
appear	28
amounting	28
am	28
allocate	28
absorb	28
abbreviated	28
updating	27
surrounding	27
serviced	27
raised	27
produces	27
performing	27
organizing	27
lost	27
limits	27
intensify	27
giving	27
exploited	27
exclude	27
designing	27
deploy	27
calculated	27
averaged	27
assisting	27
accepted	27
utilized	26
transfer	26
track	26
suggests	26
suffered	26
staffed	26
serves	26
selecting	26
renewed	26
purchase	26
opening	26
marketed	26
induce	26
incorporates	26
gives	26
flows	26
floating	26
examine	26
decreasing	26
dans	26
connect	26
closed	26
audit	26
annexed	26
analyzed	26
analyze	26
adapting	26
tracking	25
supervising	25
satisfy	25
resolve	25
pursue	25
obtaining	25
mobilized	25
measuring	25
measures	25
implies	25
hold	25
hire	25
hinder	25
exists	25
endowed	25
end	25
emerged	25
describes	25
delegated	25
degraded	25
construct	25
assume	25
acquire	25
viii	24
undertaking	24
translate	24
suffers	24
study	24
rise	24
purchasing	24
procure	24
piloted	24
outlines	24
occurs	24
lasting	24
highlights	24
guaranteed	24
granting	24
establishes	24
edited	24
decrease	24
connecting	24
confirming	24
complied	24
complete	24
charged	24
calls	24
becomes	24
applies	24
advance	24
accommodate	24
accelerated	24
upgrade	23
understand	23
sustaining	23
supply	23
summarised	23
stimulating	23
slowed	23
restored	23
promising	23
progress	23
preserve	23
mainstreamed	23
intervene	23
harmonized	23
handling	23
handle	23
hampered	23
get	23
evaluating	23
earn	23
deteriorated	23
delayed	23
damaged	23
considers	23
worked	22
undermine	22
rurales	22
representatives	22
replacing	22
remove	22
reinforcing	22
recover	22
process	22
planting	22
planted	22
ped	22
own	22
localized	22
le	22
lacking	22
la	22
femmes	22
envisioned	22
entails	22
dominate	22
defines	22
currency	22
commissioned	22
combine	22
categorized	22
break	22
averaging	22
anticipate	22
aid	22
accumulated	22
stored	21
screening	21
recruiting	21
records	21
recognizing	21
pending	21
optimize	21
looking	21
indicating	21
impacting	21
hosted	21
helps	21
getting	21
fulfill	21
endorsed	21
emphasize	21
eliminate	21
driving	21
drawing	21
doubled	21
determining	21
deposited	21
decline	21
controlling	21
combating	21
combat	21
allied	21
yield	20
validate	20
undertakes	20
treated	20
suspended	20
revitalize	20
replace	20
repay	20
removing	20
relying	20
refers	20
rating	20
proceeds	20
pertaining	20
persist	20
outline	20
occurring	20
neighboring	20
marketing	20
m	20
incentivize	20
générales	20
eliminating	20
devoted	20
derive	20
cropped	20
constructing	20
compensated	20
budgeted	20
broken	20
bearing	20
backed	20
avoided	20
attracting	20
articulated	20
aiming	20
’s	19
verified	19
threatened	19
stunding	19
stood	19
selling	19
running	19
reinforced	19
recognize	19
posed	19
played	19
piloting	19
perceived	19
passed	19
operationalize	19
moved	19
linkages	19
lies	19
leaving	19
lacks	19
holding	19
guaranteeing	19
factored	19
facilitates	19
ending	19
employ	19
directed	19
dealing	19
confirm	19
combining	19
challenging	19
buy	19
benefits	19
belonging	19
approaches	19
agrees	19
yielded	18
traded	18
structuring	18
streamline	18
standing	18
seem	18
relates	18
refer	18
recurring	18
ranking	18
ranges	18
prevail	18
preserving	18
partner	18
offset	18
offering	18
modernized	18
minimizing	18
marked	18
imposed	18
geared	18
flow	18
experience	18
empower	18
dépenses	18
deteriorating	18
contract	18
consult	18
components	18
changed	18
assumed	18
aligns	18
administratives	18
translated	17
transferring	17
surveyed	17
suggested	17
signing	17
safeguards	17
résultats	17
return	17
restricted	17
rest	17
respect	17
requesting	17
register	17
purchased	17
procédures	17
prioritizes	17
notified	17
modify	17
mobilise	17
meant	17
maximizing	17
mainstream	17
integrates	17
initiate	17
horticulture	17
grouped	17
gave	17
fight	17
exploit	17
equipping	17
entitled	17
enables	17
distribute	17
correspond	17
bridge	17
borrower/	17
bear	17
amounts	17
waived	16
violate	16
underpinned	16
undermines	16
tasked	16
supplying	16
subproject	16
stressed	16
shifting	16
shift	16
risk	16
restrict	16
replaced	16
receives	16
puts	16
projects	16
processes	16
pilot	16
outcomes	16
ops_ea_disclosure_table	16
operationalizing	16
operates	16
minimized	16
lower	16
lived	16
lift	16
lays	16
intensified	16
install	16
infringe	16
improves	16
imply	16
impede	16
hosting	16
hit	16
highlighting	16
finds	16
exporting	16
explained	16
enhances	16
ended	16
encompasses	16
drafted	16
document	16
destroyed	16
describing	16
crosscutting	16
complementing	16
causes	16
came	16
begin	16
agribusiness	16
worsening	15
witnessed	15
withdraw	15
went	15
weakened	15
unallocated	15
steering	15
sourced	15
secteur	15
revive	15
replicated	15
relatives	15
ratified	15
pursuing	15
pursued	15
prioritizing	15
predicted	15
practiced	15
playing	15
places	15
permitted	15
permit	15
pays	15
overseeing	15
objectives	15
noting	15
launch	15
lagging	15
know	15
justify	15
join	15
hamper	15
gender	15
feeding	15
failed	15
evolving	15
emphasized	15
earning	15
disrupted	15
desired	15
demonstrating	15
deepening	15
consuming	15
concerns	15
complements	15
collecting	15
characterised	15
call	15
bound	15
beginning	15
attain	15
advise	15
études	14
weeding	14
varying	14
varies	14
undergoing	14
titled	14
streamlining	14
stemming	14
specialised	14
smallholder	14
ses	14
seront	14
seems	14
reverse	14
retain	14
removed	14
pumped	14
programmed	14
poses	14
mobilised	14
meaning	14
marginalized	14
lifting	14
learn	14
landing	14
inspect	14
influenced	14
influence	14
hiring	14
highlight	14
gather	14
formulating	14
finalizing	14
expects	14
exceeds	14
estimates	14
estimate	14
enjoys	14
enjoyed	14
embarked	14
différentes	14
deploying	14
demonstrates	14
delay	14
cut	14
cultivate	14
costing	14
convert	14
containing	14
consumed	14
commence	14
channel	14
centred	14
broaden	14
belong	14
appoint	14
analyzing	14
aggravated	14
administering	14
administer	14
énoncées	13
utilizing	13
undermined	13
undergone	13
triggering	13
threatening	13
tackling	13
suited	13
strengthens	13
stem	13
spend	13
seconded	13
save	13
rolled	13
revolving	13
responds	13
resolves	13
render	13
rehabilitating	13
proved	13
posting	13
organise	13
optimizing	13
neglected	13
named	13
lie	13
laying	13
investigate	13
holds	13
govern	13
furnished	13
fortified	13
emphasizing	13
earmarked	13
coordinates	13
constrain	13
constituted	13
conform	13
compete	13
comparing	13
choose	13
changes	13
centered	13
assuming	13
ante	13
announced	13
analyse	13
alleviate	13
alleged	13
accompany	13
abandoned	13
underpin	12
transport	12
transmit	12
succeed	12
stop	12
stabilize	12
spécifiques	12
situated	12
serán	12
seeds	12
risking	12
reversing	12
rendered	12
regulating	12
regulate	12
reconnect	12
rapports	12
raises	12
pumping	12
prolonged	12
post	12
placing	12
place	12
participated	12
ongoing	12
occupies	12
moins	12
moderate	12
menos	12
match	12
mandated	12
manages	12
look	12
joining	12
hereto	12
harmonizing	12
gain	12
function	12
fulfil	12
forms	12
fiduciaire	12
export	12
exercise	12
envisages	12
entrusted	12
employing	12
ease	12
drying	12
detect	12
decreases	12
correlated	12
convened	12
confined	12
competing	12
compensate	12
clearing	12
carries	12
cancelled	12
approving	12
analysing	12
aligning	12
agricultural	12
ageing	12
advancing	12
whereof	11
weather	11
warehousing	11
view	11
vested	11
undermining	11
ua	11
treat	11
transformed	11
totalling	11
testing	11
superseding	11
suggesting	11
submitting	11
stunted	11
studied	11
storing	11
spending	11
speed	11
sorting	11
sont	11
siguientes	11
settled	11
send	11
resettled	11
replicate	11
reforming	11
reform	11
qualify	11
prevents	11
points	11
phased	11
maintains	11
licensed	11
leaves	11
intercropping	11
indicators	11
hoisting	11
guarantees	11
grading	11
goes	11
fulfilling	11
forming	11
financières	11
expect	11
examined	11
este	11
eradicate	11
entering	11
enforce	11
ends	11
drop	11
drinking	11
draws	11
discriminate	11
disadvantaged	11
determines	11
deepen	11
declared	11
decentralised	11
confirms	11
compromise	11
composantes	11
complying	11
commit	11
capitalized	11
calculating	11
badf	11
autres	11
assured	11
assign	11
annex	11
analysed	11
amplify	11
amounted	11
aggregated	11
adds	11
worsened	10
worsen	10
wish	10
weighted	10
unlocking	10
understood	10
translates	10
totaling	10
threaten	10
terminated	10
tapped	10
summarizes	10
subjected	10
stems	10
stagnated	10
spur	10
specialized	10
scattered	10
rolling	10
reveals	10
respected	10
représentants	10
rejected	10
registering	10
recovered	10
reaches	10
prove	10
powered	10
possess	10
positioned	10
por	10
policiesa.	10
picked	10
phcomp	10
overarching	10
occupy	10
mobilising	10
market	10
lowland	10
lag	10
issuing	10
issue	10
isolated	10
intervening	10
interfere	10
installing	10
inclusive	10
housed	10
harness	10
harmonize	10
grazing	10
fueled	10
formalize	10
foresee	10
flooded	10
fits	10
fallen	10
est	10
equip	10
enters	10
encourages	10
elected	10
effets	10
easing	10
drafting	10
dispersed	10
discharge	10
disburse	10
demanding	10
demand	10
concentrate	10
combines	10
climatiques	10
check	10
benefitted	10
automated	10
adopts	10
acknowledge	10
accruing	10
absorbed	10
établi	9
yields	9
weaken	9
visit	9
validating	9
unlock	9
undertook	9
underscores	9
translating	9
tied	9
threatens	9
tapping	9
suivants	9
substituted	9
struggling	9
store	9
spanning	9
span	9
slowing	9
roject	9
risen	9
retraits	9
respecto	9
resolving	9
reside	9
relied	9
refined	9
recovering	9
rebuilding	9
rebuild	9
prestataires	9
point	9
phasing	9
outlining	9
motivated	9
mixed	9
missing	9
malnourished	9
lifted	9
liaise	9
leveraged	9
leurs	9
lent	9
hindering	9
finding	9
finalised	9
fielded	9
favour	9
express	9
experiences	9
enshrined	9
enrolled	9
emerge	9
effectiveness	9
educated	9
earned	9
discounted	9
direct	9
devolved	9
decide	9
curbing	9
curb	9
cultivating	9
cross	9
coping	9
converted	9
conserve	9
conceived	9
communicate	9
cleaning	9
cited	9
challenges	9
cap	9
belongs	9
begun	9
attained	9
aided	9
adjust	9
accessed	9
accept	9
éventuelles	8
zoning	8
withstand	8
wasted	8
waive	8
vii	8
viewed	8
tuned	8
transporting	8
tracked	8
test	8
tends	8
sustentadores	8
suspend	8
surrounded	8
structures	8
stipulates	8
states	8
stakeholder	8
stabilizing	8
slow	8
simplify	8
seedling	8
rooted	8
roll	8
risques	8
restructured	8
resource	8
reserved	8
representantes	8
remedy	8
regulated	8
refinancing	8
referring	8
ranged	8
quantify	8
quantified	8
pull	8
présidé	8
proposing	8
proofing	8
projets	8
procuring	8
prioritaires	8
pressurized	8
predict	8
populated	8
partnering	8
operationalized	8
occupying	8
notes	8
narrow	8
minimised	8
mingled	8
migrate	8
mentoring	8
maize	8
linkage	8
leave	8
lags	8
justifying	8
instituting	8
informing	8
importing	8
host	8
harvest	8
guides	8
grafted	8
fuel	8
forwarded	8
formalized	8
fleshed	8
felt	8
fast	8
farmed	8
fail	8
expressing	8
expose	8
exploring	8
expedite	8
exerting	8
exceeded	8
evolved	8
eradicating	8
ensuing	8
enjoy	8
encompassing	8
eliminated	8
eb/2018	8
eb	8
dried	8
discourage	8
disbursement	8
detailing	8
degrade	8
deferred	8
convene	8
consume	8
constraining	8
conferred	8
conclude	8
comprend	8
click	8
ciblées	8
cas	8
capturing	8
brings	8
bridging	8
borrowing	8
borrow	8
bordering	8
bolstering	8
bolster	8
baseline	8
attaining	8
ate	8
asked	8
approves	8
approach	8
amount	8
aggregate	8
advocates	8
acknowledges	8
accrue	8
wishing	7
widening	7
watering	7
underw	7
underutilized	7
understanding	7
underpinning	7
undergo	7
turn	7
travel	7
thereto	7
techniques	7
tap	7
switching	7
suffering	7
subdued	7
stunting	7
structure	7
stratégiques	7
strategic	7
specifies	7
solving	7
sliding	7
slated	7
shelling	7
settling	7
schemes	7
saw	7
rules	7
revert	7
revamped	7
returned	7
resourced	7
replenished	7
repeated	7
repaid	7
releasing	7
reimbursed	7
rationalizing	7
rationalize	7
qualified	7
push	7
protracted	7
protects	7
proceed	7
prioritised	7
prescribed	7
prepares	7
preferred	7
preceding	7
practices	7
posing	7
pass	7
participates	7
participantes	7
overseen	7
overcoming	7
outdated	7
organisées	7
optimise	7
opted	7
opens	7
occupied	7
name	7
multiplying	7
multiplied	7
motivate	7
moderated	7
mis	7
lessen	7
land	7
joined	7
ix	7
investissements	7
innovate	7
inhibit	7
inhabited	7
infrastructures	7
incur	7
import	7
implements	7
hosts	7
head	7
harnessed	7
formées	7
forecasted	7
fonds	7
fluctuating	7
fixing	7
filières	7
filed	7
explains	7
exchange	7
exacerbating	7
exacerbates	7
evolve	7
estimating	7
envisage	7
embodied	7
doubling	7
double	7
donated	7
discovered	7
différents	7
dates	7
damaging	7
customized	7
crowding	7
crowd	7
conserving	7
composante	7
complies	7
communicated	7
commits	7
commencing	7
collects	7
clarified	7
childbearing	7
characterize	7
channeled	7
challenged	7
buying	7
burn	7
broadening	7
beekeeping	7
balance	7
attracted	7
ascertain	7
arises	7
archiving	7
appointing	7
appended	7
amplified	7
alter	7
alleviating	7
afford	7
advocated	7
advanced	7
acknowledged	7
accomplish	7
accompanying	7
-related	7
▪	6
won	6
washing	6
vulnérables	6
visiting	6
upscaling	6
underscored	6
turning	6
total	6
thrive	6
taing	6
suspected	6
supplement	6
subsistence	6
subsidized	6
studies	6
striving	6
strives	6
strive	6
stipulating	6
stabilized	6
split	6
spell	6
smoked	6
simplified	6
shrinking	6
showcasing	6
shifted	6
shaped	6
shape	6
services	6
sensitized	6
saved	6
satisfies	6
résilientes	6
roads	6
rice	6
revising	6
returning	6
retaining	6
restructuring	6
restricting	6
resources	6
resides	6
research	6
renforcement	6
release	6
reinforces	6
regarded	6
refrain	6
reformed	6
reallocated	6
realizing	6
realize	6
range	6
qualifying	6
publicize	6
progressed	6
profiling	6
prevented	6
pressing	6
presenting	6
pooled	6
plugs	6
peut	6
partenaires	6
organising	6
opérateurs	6
nurturing	6
networking	6
negotiating	6
mention	6
manifest	6
lying	6
lowering	6
losing	6
lose	6
links	6
leased	6
justifies	6
judged	6
inter	6
intensifying	6
inputs	6
initiating	6
inherited	6
informs	6
incl	6
incentivizing	6
incentivized	6
imports	6
impeded	6
hindered	6
happen	6
halved	6
graduate	6
gaining	6
furnish	6
fostered	6
foresees	6
flowing	6
fix	6
fit	6
fishing	6
filling	6
feeds	6
farmer	6
factor	6
extracted	6
extract	6
exploiting	6
expands	6
exigibles	6
excavated	6
equitable	6
enforced	6
encompass	6
embraced	6
embarking	6
elaborate	6
e	6
d’ivoire	6
drives	6
draft	6
disbursing	6
differentiated	6
diferentes	6
deteriorate	6
demanded	6
delete	6
delegate	6
deduct	6
declare	6
customised	6
cushion	6
crop	6
cooling	6
converting	6
convening	6
consisted	6
confronted	6
concerted	6
composting	6
compile	6
compares	6
compare	6
communautaire	6
commissioning	6
commenced	6
coaching	6
clauses	6
clarify	6
charge	6
chains	6
centralized	6
categorize	6
capitalizing	6
breeding	6
breed	6
branding	6
backstopping	6
awarding	6
assure	6
assumes	6
assorti	6
assesses	6
appuyées	6
appreciated	6
amend	6
allocating	6
agro-	6
aging	6
aggravating	6
affiliated	6
adhered	6
adhere	6
actividades	6
accomplished	6
absorbing	6
-(.3	6
washed	5
walking	5
value	5
utilizará	5
utilised	5
una	5
trying	5
try	5
trading	5
totaled	5
technologies	5
tabulated	5
surpassed	5
supplies	5
succeeded	5
subsidize	5
stresses	5
step	5
steer	5
spreading	5
sponsored	5
solve	5
simplifying	5
silting	5
sequenced	5
sensitize	5
sensitised	5
seeing	5
sectors	5
se	5
schedule	5
scales	5
sanitation	5
s	5
revise	5
reversed	5
retains	5
resumed	5
reiterated	5
regularizing	5
regularized	5
refurbished	5
recording	5
publish	5
prompted	5
previstas	5
predominate	5
practised	5
possesses	5
position	5
pool	5
plains	5
plagued	5
piped	5
peri	5
particulières	5
owning	5
overlapping	5
outsourced	5
originating	5
operationalizes	5
operationalise	5
ont	5
onitoring	5
notify	5
nominate	5
necessitate	5
narrowing	5
narrowed	5
multifaceted	5
moves	5
missions	5
minimise	5
mentor	5
maximise	5
materialize	5
matched	5
manufactured	5
loses	5
lining	5
lingering	5
leverages	5
leasing	5
lasted	5
last	5
landlocked	5
keeps	5
jeopardizing	5
interviewed	5
intervenes	5
interrupted	5
interested	5
insuring	5
inspired	5
influencing	5
implying	5
impeding	5
illustrated	5
huanglongbing	5
https://idbg.sharepoint.com/teams/ez-pr-lon/pr-l1147/_layouts/15/docidredir.aspx?id=ezshare-345112541-36	5
http://www.worldbank.org/projects	5
hinders	5
headquartered	5
harvested	5
handicapped	5
grows	5
grouping	5
grafting	5
georeferenced	5
gathered	5
gardening	5
forecast	5
fled	5
finalize	5
federated	5
features	5
exhibits	5
exhibit	5
escalating	5
entrepreneurship	5
entrench	5
entend	5
entailing	5
entailed	5
engineering	5
enforcing	5
endangered	5
enacted	5
effect	5
dykes	5
dwindling	5
drops	5
dropping	5
droits	5
drew	5
drained	5
dominates	5
documenting	5
discussing	5
directs	5
diminished	5
digitising	5
devastated	5
detected	5
destined	5
description	5
deriving	5
derives	5
depleted	5
deplete	5
defaulted	5
deconcentrated	5
dealt	5
deals	5
dating	5
culminated	5
criteria	5
correcting	5
cooperating	5
conveyed	5
conducts	5
conclues	5
concentrating	5
concentrates	5
compromises	5
compromised	5
commercialize	5
comment	5
collar	5
clustered	5
checked	5
channelled	5
cash	5
capacitación	5
born	5
bordered	5
blended	5
believe	5
balanced	5
average	5
attracts	5
attending	5
attend	5
arrange	5
approaching	5
approached	5
appraised	5
amendées	5
alimentaire	5
aggravate	5
afforded	5
adequate	5
additionnelles	5
adaptation	5
accumulating	5
accredited	5
accentuated	5
3.1.2	5
''s	5
œuvre	4
widened	4
welcomed	4
weakening	4
watershed	4
warrant	4
warming	4
wait	4
visited	4
verifying	4
upstream	4
underwent	4
underscore	4
underperforming	4
underestimated	4
tried	4
trapped	4
transitioning	4
transition	4
tracks	4
tightening	4
thought	4
think	4
terres	4
sworn	4
summed	4
subsidizing	4
sub	4
struggled	4
stimulates	4
steered	4
stay	4
stating	4
starts	4
standardize	4
staff	4
spécialisées	4
spearheaded	4
sourcing	4
sound	4
solicited	4
socio	4
site	4
shifts	4
settle	4
servicios	4
servicing	4
service	4
separated	4
satisfied	4
safeguarding	4
runs	4
rises	4
revoked	4
revamping	4
resurfacing	4
restructure	4
resort	4
residing	4
reset	4
republ	4
replicating	4
repairing	4
renovating	4
renovated	4
renew	4
rendering	4
relaunching	4
refine	4
refinance	4
refilling	4
redistributed	4
reconstructing	4
recommandations	4
reclaimed	4
recalled	4
reap	4
reaffirmed	4
qui	4
pushing	4
pumps	4
proporcionará	4
propelled	4
pronounced	4
progressing	4
programme	4
professionalized	4
produits	4
productives	4
proceeding	4
privées	4
prioritise	4
priced	4
premised	4
prefer	4
postponed	4
postpone	4
poised	4
pointing	4
pointed	4
pledged	4
plant	4
permits	4
pegged	4
peaking	4
peacebuilding	4
pave	4
patag	4
para	4
outsourcing	4
originate	4
orient	4
neighbouring	4
ménages	4
modernise	4
modelled	4
modeled	4
mitigates	4
merged	4
manifested	4
magap	4
looks	4
logging	4
locked	4
list	4
like	4
levied	4
level	4
latest	4
lactating	4
lacked	4
invite	4
intertwined	4
intermediate	4
interact	4
intend	4
integrales	4
inserted	4
inducing	4
incubated	4
income	4
incentives	4
impedes	4
impair	4
ignored	4
house	4
hinged	4
heightened	4
harnessing	4
happens	4
handed	4
habilidades	4
grounded	4
grants	4
graduates	4
governs	4
gone	4
gets	4
generales	4
gdp	4
gathering	4
gates	4
gaps	4
funds	4
fragmented	4
founded	4
fortalecidas	4
formalised	4
forge	4
flagged	4
field	4
feel	4
feedback	4
featuring	4
favoring	4
favor	4
farm	4
fails	4
factors	4
extends	4
exiting	4
existed	4
exercising	4
exchanged	4
estará	4
ert	4
enting	4
enjoying	4
engender	4
engages	4
endow	4
endorse	4
encounter	4
emphasised	4
effected	4
educating	4
eat	4
désignés	4
droughts	4
dovetails	4
distort	4
disrupt	4
discover	4
discharged	4
directing	4
differs	4
differ	4
die	4
dewatering	4
develops	4
detecting	4
details	4
detail	4
deserve	4
deregulating	4
dehorning	4
defray	4
decelerated	4
dams	4
crédits	4
crossing	4
crossed	4
corroded	4
correct	4
coordinación	4
converge	4
contemplated	4
constrains	4
configured	4
concludes	4
comunidades	4
computed	4
communicating	4
combatting	4
collapsed	4
collaborating	4
claves	4
claim	4
charges	4
channelling	4
chairing	4
certify	4
cater	4
categorizes	4
catalyzing	4
catalyse	4
capacitated	4
cancel	4
calculate	4
buffering	4
broadened	4
boosted	4
bolstered	4
backstopped	4
au	4
attesting	4
assists	4
articulates	4
argues	4
afin	4
affirmed	4
advertised	4
adaptés	4
acquiring	4
accrued	4
accord	4
abrogated	4
abrogate	4
-lending	4
économique	3
zar	3
y	3
worsens	3
widen	3
whistleblowing	3
weighed	3
water	3
waste	3
warning	3
waiting	3
voice	3
vers	3
vehicles	3
vanished	3
utilizes	3
utilise	3
upscale	3
uplift	3
unleashing	3
unleash	3
unding	3
underpins	3
underlines	3
turned	3
trusted	3
trois	3
transported	3
trainees	3
thrust	3
threshold	3
thinking	3
terraced	3
tended	3
tels	3
teaching	3
taught	3
tackled	3
systems	3
systematizes	3
synergize	3
surpassing	3
sur	3
supplements	3
summarize	3
subsidised	3
subsectors	3
subscribed	3
subprojects	3
studying	3
struck	3
stimulated	3
stemmed	3
state	3
stall	3
stagnating	3
staggered	3
stabilising	3
spurring	3
spurred	3
spring	3
speeding	3
specializing	3
spearhead	3
speaking	3
spark	3
spans	3
source	3
slaughtered	3
slashing	3
slash	3
sits	3
sheds	3
shaping	3
sesame	3
sequestered	3
separate	3
selección	3
seize	3
sector	3
scouting	3
say	3
satisfying	3
sampling	3
références	3
rsed	3
reviving	3
revitalizing	3
revitalized	3
reveal	3
ressources	3
responded	3
resorting	3
resist	3
requirement	3
reorienting	3
rented	3
reject	3
reimburse	3
regulates	3
regularize	3
región	3
referenced	3
redirecting	3
redesigned	3
recycled	3
recurrent	3
recommitted	3
recommendations	3
rebounded	3
realigning	3
rate	3
rains	3
que	3
qualifies	3
pursues	3
pump	3
préparé	3
pruning	3
provinces	3
prosap	3
propel	3
proofed	3
promulgated	3
prompt	3
projet	3
programming	3
programadas	3
program	3
profit	3
professionalize	3
productrices	3
producteurs	3
proceeded	3
priority	3
pressurised	3
preserved	3
prescribes	3
prepas	3
premises	3
predicated	3
practise	3
practicing	3
positioning	3
pobreza	3
pick	3
phase	3
petites	3
perspectives	3
persists	3
perpetuating	3
perpetuate	3
permitting	3
pdzta-	3
paves	3
pasture	3
partenariats	3
parcours	3
parboiled	3
packaged	3
owns	3
overvalued	3
overlap	3
outweigh	3
outsource	3
outpacing	3
outbreaks	3
organizaciones	3
organismes	3
optimized	3
opt	3
ops_ra_d	3
opposed	3
ollars	3
occasioned	3
observe	3
notifying	3
necessitates	3
multiply	3
motorized	3
monocropping	3
monitors	3
moafs	3
missed	3
minimising	3
milling	3
milled	3
milking	3
migrating	3
mentioning	3
matrix	3
mastered	3
master	3
marking	3
maps	3
mapping	3
loan	3
llevará	3
livelihoods	3
lists	3
lined	3
legumes	3
landholding	3
killed	3
inviting	3
introduces	3
interrelated	3
internalize	3
interlinked	3
interfaced	3
interface	3
insured	3
institutionnels	3
institutionalizing	3
institutionalize	3
inspected	3
innovating	3
innovantes	3
inject	3
industrialized	3
induces	3
indices	3
incluye	3
impounded	3
impose	3
illustrates	3
hygiene	3
hurt	3
hinges	3
hinge	3
herding	3
hedge	3
heading	3
harmonised	3
harm	3
halving	3
grâce	3
got	3
gauge	3
garnered	3
framing	3
founding	3
forging	3
forcing	3
force	3
fodder	3
fluctuates	3
flood	3
finished	3
financieros	3
finalising	3
filter	3
filiÈres	3
feature	3
farmers	3
familiares	3
exposes	3
exports	3
exploitations	3
exploitants	3
experiment	3
expediting	3
exhibited	3
exhausted	3
exercised	3
exemplified	3
evaluation	3
ev.1	3
et	3
establecidas	3
escaping	3
escaped	3
equipements	3
envision	3
entrust	3
entrenched	3
entidades	3
entes	3
endeavor	3
encroaching	3
encroached	3
employment	3
emphasises	3
emitted	3
embrace	3
embark	3
ello	3
elaborating	3
ejecutará	3
educate	3
eased	3
déjà	3
durables	3
dubbed	3
dry	3
drove	3
drilled	3
dominating	3
domiciled	3
dispose	3
display	3
discontinued	3
discarded	3
directes	3
diminishing	3
diminish	3
différé	3
diffuse	3
deworming	3
devolving	3
devolve	3
desilting	3
designating	3
designates	3
desegregated	3
depleting	3
deleted	3
delegating	3
delaying	3
declaring	3
deciding	3
de	3
cuts	3
créée	3
crowded	3
criollo	3
credits	3
counts	3
counter	3
count	3
core	3
cooperatives	3
convey	3
contribuir	3
contribuer	3
contraintes	3
continua	3
contemplates	3
contaminated	3
constituting	3
consolidates	3
connects	3
confronting	3
confront	3
conforming	3
computerised	3
comptes	3
compromising	3
compounding	3
composé	3
complimented	3
compiling	3
committing	3
commercialized	3
cofinanced	3
codify	3
co-	3
climático	3
choosing	3
characterizing	3
channeling	3
certifying	3
centers	3
catered	3
catalyze	3
cassava	3
cascading	3
cascades	3
care	3
capitalised	3
calming	3
buttressed	3
buried	3
bunds	3
budgets	3
breaks	3
breaking	3
borrowed	3
bookkeeping	3
bodies	3
block	3
blessed	3
beset	3
bears	3
awaited	3
avert	3
averages	3
authorizing	3
augment	3
auditing	3
attempts	3
attaches	3
assuring	3
articulate	3
arranged	3
arose	3
arketing	3
appraisal	3
apportioned	3
antennes	3
answer	3
annuels	3
andselected	3
analyses	3
alternating	3
allowances	3
allocates	3
alignment	3
aggregating	3
agenda	3
agency	3
afférents	3
afflicted	3
advising	3
advances	3
adjusting	3
adjoining	3
actores	3
activities	3
activated	3
accelerates	3
abstracted	3
abandoning	3
20-feb-2019	3
146th	3
-69798	3
……	2
writing	2
worming	2
workshops	2
witness	2
withhold	2
withdrawing	2
wishes	2
winning	2
wildlife	2
whereas	2
wheat	2
weigh	2
website	2
wearing	2
weaning	2
weakens	2
watersheds	2
waterlogging	2
wasting	2
warranted	2
warehouses	2
wants	2
viewing	2
verifies	2
ve	2
validé	2
validates	2
vaccinated	2
ushered	2
usd	2
urged	2
updates	2
unveiled	2
unlocks	2
unfold	2
unearth	2
undisbursed	2
underwrite	2
underserved	2
underperform	2
underlie	2
underfinanced	2
turns	2
tune	2
tsh	2
trust	2
tripling	2
trebled	2
travelling	2
transship	2
transit	2
trafficking	2
traced	2
touches	2
totals	2
title	2
timed	2
tilling	2
threats	2
textes	2
testified	2
terminate	2
tendrán	2
tending	2
telles	2
target2	2
tampered	2
tales	2
tags	2
systematize	2
syed	2
switch	2
sweeping	2
sw	2
sustanciales	2
sustainable	2
survive	2
surpass	2
surged	2
surfacing	2
surface	2
supposed	2
supplementing	2
suffice	2
succeeding	2
substituting	2
subsist	2
subscribe	2
struggles	2
struggle	2
strikes	2
streamlined	2
strained	2
straddling	2
straddles	2
stopped	2
stocking	2
stifled	2
stayed	2
statistiques	2
stalled	2
stage	2
staffing	2
stabilise	2
sros	2
spreads	2
spotted	2
spends	2
spelled	2
specialise	2
speak	2
sparked	2
sowing	2
songea	2
solves	2
smooth	2
smoke	2
smes	2
sloping	2
slaughtering	2
sites	2
sit	2
silted	2
signals	2
shrunk	2
shredded	2
showcases	2
shouldering	2
shopping	2
shocks	2
shelter	2
shed	2
shares	2
sequestering	2
sequester	2
separating	2
sensitise	2
sens	2
semi-	2
segregated	2
sees	2
seemed	2
seed	2
sectoriels	2
sectoriales	2
sectio	2
sección	2
seasoned	2
search	2
sdgs	2
scouring	2
scoring	2
scoping	2
safeguarded	2
saddled	2
sadc	2
rémunérateurs	2
réfugiées	2
réformes	2
rustling	2
ruling	2
rollover	2
roasting	2
rims	2
revitalised	2
revealing	2
returnees	2
retired	2
rethinking	2
retenues	2
resumida	2
rests	2
restrained	2
responsabilidades	2
respecting	2
resonates	2
resonate	2
resized	2
residue	2
requirements	2
reputed	2
repositioning	2
replaces	2
repaired	2
reorient	2
reorganizing	2
renovate	2
renforcées	2
renders	2
remunerated	2
relocated	2
relieve	2
relayed	2
relax	2
rejuvenating	2
reintegrate	2
reinstate	2
reimbursing	2
registers	2
regionales	2
regional	2
regine	2
regenerated	2
regard	2
refurbishing	2
reforested	2
refix	2
redress	2
redoubled	2
rediscovered	2
redirect	2
redefine	2
redd+/enhancing	2
recurrent/	2
recuperate	2
recruitment	2
recovers	2
reconvert	2
reconfigured	2
recognises	2
recognised	2
recognise	2
recharging	2
recalling	2
rebuilt	2
rebasing	2
reasoned	2
rearing	2
reaffirming	2
ravaged	2
rank	2
rangelands	2
ranching	2
ramping	2
ramp	2
rally	2
quoted	2
questioned	2
quarantined	2
quantifying	2
quantifies	2
py4	2
pushed	2
pursing	2
purpose	2
pulled	2
publicized	2
prévu	2
préambule	2
provisioned	2
provincial	2
prospered	2
prosper	2
promues	2
prolong	2
proj	2
prohibiting	2
prohibit	2
profile	2
procar	2
probatoire	2
privatize	2
printed	2
presided	2
presente	2
prepay	2
preexisting	2
predicting	2
preclude	2
preceded	2
practising	2
potential	2
postponing	2
porteuses	2
porteront	2
poblaciones	2
pnimt	2
plwg	2
ploughing	2
plateformes	2
pioneered	2
phyto	2
phimpleagencys	2
phases	2
pertains	2
pertain	2
persuade	2
persisted	2
permite	2
performs	2
pent	2
penetrate	2
pegging	2
paysans	2
paved	2
passing	2
pasandad	2
partake	2
parceling	2
paired	2
padaer	2
packing	2
packaging	2
p.7	2
oversees	2
overlooked	2
overgrown	2
overflow	2
overfishing	2
output	2
outfitting	2
outcome	2
organes	2
opting	2
optimised	2
operation	2
operará	2
observing	2
obliged	2
objective	2
obilize	2
nuts	2
nominated	2
nested	2
needing	2
multipurpose	2
mozambique	2
mothers	2
morocco	2
momento	2
modernising	2
mobilizes	2
mlgrd	2
misused	2
mirror	2
mining	2
militating	2
microproject	2
microentreprises	2
merited	2
merging	2
meilleures	2
medium-	2
measurements	2
maximizes	2
maturing	2
mature	2
mast	2
mariella.maglia@mef.gub.uy	2
mapped	2
map	2
manufacturing	2
mangroves	2
mandates	2
maintenance	2
madres	2
l’enseignement	2
l’agriculture	2
lumières	2
lowered	2
looked	2
lolf	2
lodge	2
lock	2
loading	2
listing	2
listening	2
lighten	2
liberalize	2
levelling	2
less	2
lesquelles	2
launches	2
lasts	2
landed	2
l''acces	2
kick	2
kg	2
kba).19	2
juxtaposed	2
itinéraires	2
irrigate	2
investigating	2
interés	2
inter-	2
instrumentos	2
institutionalized	2
instituted	2
instill	2
insisted	2
inserting	2
insert	2
inseminated	2
injected	2
initialled	2
ing	2
infrastructure	2
infected	2
inequalities	2
incurring	2
income-	2
imposes	2
importantes	2
implicated	2
implementación	2
imbedded	2
iita	2
idb	2
icar	2
hypothèses	2
husking	2
hulling	2
http://www.inspectionpanel.org/	2
http://idbdocs.iadb.org/wsdocs/getdocument.aspx?docnum=38718579	2
household	2
honoured	2
honour	2
hijacked	2
heard	2
hardworking	2
happening	2
happened	2
handing	2
hampers	2
hampering	2
halted	2
génératrices	2
grievance	2
gol	2
ghg	2
gazetted	2
furthering	2
further	2
functioned	2
fuelled	2
frozen	2
freed	2
free	2
frameworks	2
fosters	2
forwards	2
formulates	2
forests	2
forecasts	2
fondé	2
fonctionnels	2
focusses	2
fly	2
fluctuated	2
flourish	2
flooding	2
flee	2
flag	2
fitted	2
fish	2
fills	2
files	2
file	2
figure	2
fielding	2
fetching	2
fetches	2
fetch	2
fencing	2
fenced	2
fellows	2
fees	2
favouring	2
failing	2
factoring	2
exécutif	2
externes	2
expropriated	2
explaining	2
exit	2
existantes	2
exerted	2
examines	2
evaluativos	2
evaluations	2
esmp	2
escompté	2
escape	2
eroded	2
equivalente	2
enumerated	2
entities	2
enterprising	2
enroll	2
enrol	2
enlarged	2
enhancement	2
engendered	2
enduring	2
endorses	2
encapsulated	2
empowers	2
emitting	2
embeds	2
embedding	2
embed	2
elevated	2
elements	2
elect	2
elapsed	2
elaborates	2
effort	2
ecowas	2
d’offres	2
d’intérêt	2
d’infrastructures	2
d’exhaure	2
d’aue	2
déconcentrés	2
déclarant	2
dynamiques	2
dying	2
dumped	2
dug	2
drip	2
drinkable	2
downgraded	2
dos	2
données	2
domesticated	2
dolomite	2
dollars	2
documents	2
divert	2
diverses	2
disturbed	2
distorting	2
distinguishes	2
disposiciones	2
disposed	2
disponibles	2
displacing	2
dislosed	2
diseño	2
discounting	2
disciplined	2
dirigées	2
directrices	2
dipped	2
digitized	2
died	2
diagnosing	2
devoting	2
devote	2
devise	2
detallará	2
destroying	2
designs	2
descending	2
deregulate	2
derailed	2
der	2
deprived	2
depressed	2
deposit	2
demarcated	2
demarcate	2
demands	2
delivery	2
delivers	2
degrading	2
degenerated	2
deepened	2
deelcpn/2012	2
decisiones	2
debilitating	2
day	2
databases	2
damage	2
dairy	2
cuya	2
curtail	2
cupping	2
culminate	2
cuentas	2
créés	2
créées	2
crystallized	2
crushing	2
cross-	2
crippled	2
criar	2
crda	2
cows	2
counting	2
counted	2
counselling	2
couloirs	2
costed	2
coss	2
corroborated	2
correspondientes	2
cooking	2
contracts	2
contested	2
contacting	2
contacted	2
contact	2
contables	2
consumes	2
construites	2
consented	2
conocimientos	2
confine	2
condiciones	2
comunicará	2
compounds	2
compound	2
compose	2
complémentaires	2
complicating	2
complicated	2
communicates	2
commission	2
comments	2
collines	2
collapsing	2
collaborated	2
colectivamente	2
coincided	2
coincide	2
coating	2
coach	2
clustering	2
closes	2
climbed	2
clear	2
cleaned	2
clarifying	2
claims	2
claiming	2
circumscribed	2
chartered	2
charging	2
chambres	2
chair	2
certifies	2
centralize	2
cement	2
catégories	2
cattle	2
caters	2
catch	2
catalyzed	2
catalysed	2
cargo	2
captures	2
capped	2
capacitate	2
capacidades	2
campaigns	2
buys	2
burning	2
budgeting	2
budding	2
briefed	2
breastfeeding	2
bought	2
borrower(s	2
borders	2
border	2
bolivia	2
blocking	2
blocked	2
biofortified	2
bid	2
base	2
banque	2
banking	2
balancing	2
backyard	2
backing	2
back	2
años	2
avoids	2
avail	2
auprès	2
augur	2
augmenting	2
augmented	2
auctioning	2
attributes	2
ated	2
associating	2
associate	2
assimilated	2
assimilate	2
assigns	2
ask	2
ascertained	2
arrived	2
area	2
apprenticeships	2
appraising	2
apoyo	2
apoyará	2
apoyadas	2
aplicable	2
anticipating	2
answering	2
animateurs	2
anchor	2
anagem	2
aménagées	2
amplifying	2
amending	2
alternated	2
altering	2
altered	2
almonds	2
alluded	2
alleviates	2
alarming	2
ailleurs	2
agricoles	2
agribusinesses	2
aggravates	2
agences	2
afforested	2
advocate	2
advised	2
adult	2
adicionales	2
adf-15	2
adb	2
adapts	2
acts	2
acted	2
accrues	2
accompagné	2
accommodating	2
acceso	2
acceden	2
abovementioned	2
abounds	2
abolished	2
abiding	2
31-dec.-	2
176th	2
163rd	2
13-mar-2019	2
116th	2
112th	2
10-apr-2019	2
	1
	1
	1
☑	1
≤250,000	1
••	1
étayant	1
étatiques	1
élargi	1
égales	1
écrites	1
économiques	1
écoles	1
é	1
zoned	1
youth	1
xxxviii	1
xxi	1
xviii	1
xiii	1
wth	1
wrote	1
wreaks	1
wrapped	1
wound	1
woredas	1
wooing	1
woodlands	1
wooded	1
woo	1
women-	1
witnessing	1
witn	1
withheld	1
wither	1
withdrew	1
withdrawal	1
wished	1
wired	1
wipe	1
windows	1
win	1
wil	1
widens	1
whichtested	1
weir	1
weights	1
weight	1
weighs	1
ween	1
weed	1
weaving	1
wear	1
weaned	1
wean	1
weak8	1
wau	1
watered	1
watercourses	1
watercourse	1
wastes	1
warranting	1
wards	1
waps	1
wanting	1
want	1
waning	1
waned	1
waiving	1
waives	1
waging	1
wafac@cdr.gov.lb	1
waapp	1
vulnerabilities	1
vpilaava100261@gmail.com	1
voted	1
vol	1
voicing	1
voi	1
vitalize	1
visits	1
violated	1
villages	1
views	1
videoconferencing	1
victimised	1
viables	1
veuves	1
versed	1
ventures	1
ventilées	1
ventilé	1
ventilated	1
vegetated	1
varied	1
vanning	1
valuing	1
valorize	1
valides	1
vaccinating	1
utilizando	1
utilising	1
ushers	1
usher	1
users	1
usd55.65	1
usagers	1
urgents	1
urbanizing	1
urbanized	1
uptake	1
upset	1
uphold	1
unstructured	1
unsecure	1
unschooled	1
unsatisfied	1
unrestricted	1
unregistered	1
unpromising	1
unplug	1
unpack	1
unocha	1
unmet	1
unmarried	1
unmanaged	1
unleashed	1
unify	1
unified	1
unidades	1
undo	1
undiversified	1
undervalued	1
underutilize	1
understudy	1
understating	1
understates	1
underscoring	1
underperforms	1
undernourished	1
underlined	1
underfunded	1
underestimate	1
undercut	1
uncover	1
uncoordinated	1
uncontrolled	1
uncommitted	1
udies	1
ucg&mifa&cpes	1
tzs	1
typified	1
types	1
tying	1
twinning	1
twinned	1
turnover	1
tubers	1
trustco	1
truffles	1
troughs	1
troubled	1
tripled	1
triple	1
trip	1
trimmers	1
trigged	1
tries	1
tributaire	1
trenching	1
trek	1
treize	1
tree	1
treats	1
treating	1
travers	1
travels	1
trasform	1
transmitting	1
transitioned	1
transiting	1
transhumance	1
transfrontaliers	1
transformés	1
transfers	1
transcend	1
transacciones	1
tranched	1
traitées	1
trainings	1
trades	1
tpia	1
towing	1
touch	1
totalled	1
top	1
tomatoes	1
tolerating	1
todo	1
tmc	1
tives	1
tinanced	1
timber	1
tightened	1
tighten	1
ties	1
tie	1
tick	1
thwarting	1
thwarted	1
thrt	1
throw	1
throughout-	1
thriving	1
threw	1
thresholds	1
threshing	1
thousands	1
this''loan	1
thinned	1
thinks	1
therefore	1
teyateyaneg	1
texte	1
tests	1
testifying	1
territorialized	1
term	1
tendrá	1
temper	1
telangana	1
technologyand	1
team	1
tconsulted	1
taxpaying	1
taxed	1
tarnished	1
tarek	1
tanki	1
también	1
tainted	1
tagged	1
tablets	1
tables	1
tabled	1
ta-	1
s’assurer	1
s’agira	1
sélectionnées	1
systematized	1
system	1
synthesize	1
synergised	1
synchronizing	1
synchronized	1
synchronised	1
swifter	1
swept	1
swells	1
sustains	1
survey	1
surrendered	1
surpasses	1
surmounted	1
surge	1
surfaces	1
surfaced	1
suppress	1
supplémentaires	1
superintending	1
superimposed	1
sunsetted	1
sunflower	1
summing	1
summarizing	1
summarises	1
sum	1
sule	1
sujetos	1
sujeto	1
sujeta	1
suivra	1
suivantes	1
suit	1
succeeds	1
subtract	1
subsystems	1
subsystem	1
subsumed	1
substitute	1
substantiated	1
suboptimal	1
subject	1
subdivided	1
subcontracts	1
stymied	1
stumbling	1
stumbled	1
stsff	1
structurantes	1
stripping	1
strike	1
stricken	1
stretching	1
stretches	1
stretched	1
stretch	1
stressing	1
stress	1
stratégies	1
stratified	1
strapped	1
straining	1
stoves	1
storage	1
stopping	1
stockbreeders	1
stipulation	1
stipulate	1
stipends	1
stigmatized	1
stifles	1
steps	1
stepping	1
stepped	1
steg	1
steaming	1
steal	1
staying	1
standardized	1
stamp	1
stalling	1
stakeholders	1
stagnate	1
stages	1
stabilised	1
ssembabule	1
spécimens	1
spéciales	1
spurs	1
sprouted	1
sprinkling	1
spraying	1
spray	1
spotlights	1
spotlighted	1
sponsors	1
spoils	1
spoiled	1
splash	1
spin	1
spill	1
spiked	1
spelt	1
speeds	1
speeded	1
specializes	1
specialize	1
specialising	1
spatial	1
spate	1
sparing	1
spare	1
spaced	1
south	1
soutenues	1
sous-	1
sounded	1
soumises	1
soumis	1
sonacos	1
somaliland	1
somalia	1
solved	1
solvables	1
solidify	1
solicitudes	1
solicitantes	1
solicit	1
socioeconomic	1
sociaux	1
sociales	1
snowball	1
snim	1
snfi	1
snaip	1
smoothing	1
smoothen	1
smes)9	1
slipping	1
slipped	1
slippage	1
slaughters	1
skilling	1
skill-	1
skewed	1
sixteen	1
sitting	1
siting	1
sited	1
sinking	1
simulated	1
simulate	1
simples	1
similares	1
siltation	1
sigor32	1
signifying	1
signataires	1
signaling	1
signaled	1
signal	1
sigma	1
si	1
shut	1
shrimps	1
showcase	1
shoulders	1
shoulder	1
shortlisted	1
shortening	1
shorten	1
shooting	1
shirley	1
shipping	1
shillings	1
sheltering	1
shelled	1
sheeting	1
sfm-2	1
severing	1
severed	1
setup	1
setback	1
sequestrating	1
sequestrate	1
sequencing	1
sept.-15	1
separates	1
sensitizing	1
senegal	1
sending	1
seminars	1
semestrielles	1
semestralmente	1
semester	1
sells	1
self-	1
seleccionadas	1
seizing	1
seized	1
sei	1
segmented	1
seeding	1
sedes	1
secures	1
sectoriel	1
secteurs	1
secretariat.ministre@economie.gouv.tg	1
secondaires	1
seated	1
searching	1
sealing	1
scuring	1
scpz	1
scored	1
scorecard	1
score	1
schooling	1
schedule.set	1
saturated	1
saturate	1
sapec	1
sap	1
sand	1
sanction	1
sampled	1
sample	1
salting	1
salted	1
saline	1
salaried	1
sain	1
sada	1
sacrificed	1
s$200	1
rôle	1
réviser	1
réside	1
réglementaires	1
régis	1
régionaux	1
régaliennes	1
réel	1
réapprovisionné	1
réalisé	1
rÉhabilitation	1
ruled	1
rts	1
rt	1
rscg	1
rpdp	1
rots	1
ross	1
roofing	1
rollout	1
rocked	1
roaming	1
rn	1
rit	1
risked	1
rip	1
ring	1
rim	1
riesgosindicadores	1
riding	1
ridging	1
rewards	1
rewarded	1
reward	1
revolves	1
revolve	1
revoke	1
revitalising	1
revitalise	1
revisited	1
revisit	1
review/	1
reverted	1
reverses	1
revamp	1
returns	1
retrieved	1
retreating	1
rethink	1
resume	1
restricts	1
restores	1
restituted	1
restarted	1
restart	1
response	1
responsabilise	1
respectivamente	1
resisting	1
resilientes	1
resettling	1
reservoirs	1
reserves	1
resell	1
researching	1
rescheduled	1
requests	1
requeridos	1
représente	1
reprofiled	1
reproduce	1
reprioritize	1
representativestrained	1
reposition	1
repose	1
reportes	1
reply	1
replied	1
replicates	1
replenish	1
replanting	1
replanted	1
repeating	1
repeat	1
repealing	1
repealed	1
repays	1
repair	1
reoriented	1
reorganizes	1
reopening	1
reopened	1
reoccurring	1
rentables	1
rent	1
renewing	1
rendements	1
rencontrées	1
rencontres	1
remunerate	1
remplies	1
remote	1
remitting	1
remitted	1
remit	1
reminding	1
relinquish	1
relevance	1
relending	1
relend	1
relegate	1
relaxing	1
relaunch	1
relación	1
rekindle	1
rejuvenated	1
reivind	1
reiterate	1
reinvigorate	1
reinvests	1
reinvested	1
reintegrated	1
reinstituted	1
reinstated	1
reinstall	1
reimboursed	1
reiend	1
rehabilit	1
regrouping	1
regressing	1
registration	1
region8	1
regimes	1
regeneration	1
regenerate	1
regain	1
refusing	1
refuse	1
refrigerating	1
refraining	1
reformulated	1
reforesting	1
refocused	1
refocus	1
refines	1
reference	1
refating	1
reestablishing	1
reembolsable	1
reeling	1
reef	1
redressing	1
redirected	1
redeploying	1
redeployed	1
redefined	1
redeemed	1
redd	1
rectifying	1
rectify	1
rectifies	1
recs	1
recruits	1
reconstructed	1
reconfiguring	1
reconciling	1
reconciled	1
recommending	1
reclaiming	1
reclaim	1
reciben	1
recessed	1
receipting	1
recapitalized	1
recall	1
rebuilds	1
rebounding	1
reawakening	1
reassessed	1
reared	1
reappointed	1
reappeared	1
realizará	1
realign	1
reales	1
reaffirms	1
readjust	1
reading	1
read	1
reactivating	1
reactivate	1
reabsorbed	1
rdgw2	1
rdgs2	1
rdgn.2	1
rdgn	1
rdge.4	1
rawbank	1
ratios	1
rationalized	1
rationalised	1
rationalise	1
rants	1
randomized	1
rallied	1
ralised	1
raining	1
rain	1
raging	1
radioélectriques	1
radios	1
rada	1
racks	1
r.arrach@gmail.com	1
r.13	1
r	1
quired	1
quinientos	1
quarrying	1
quality	1
qualitatives	1
quadrupling	1
quadrupled	1
q3	1
périodiques	1
párrafo	1
pushes	1
purchases	1
pulping	1
puissent	1
publishing	1
publishes	1
publiques	1
publicizing	1
publications	1
publicará	1
public/	1
ps@treasury.go.ke	1
prêten	1
prévues	1
préparatoires	1
préalables	1
provoquées	1
provisioning	1
provded	1
promulgates	1
promu	1
prompts	1
promises	1
prohibits	1
programmes	1
profiled	1
professionnels	1
professionnelles	1
professionalizing	1
professionalise	1
products	1
productividad	1
productive	1
procurement	1
privilégiées	1
privatized	1
prioritises	1
priorisées	1
principles	1
principes	1
price	1
previo	1
prevalence	1
prevails	1
prevailed	1
presumed	1
prestatairesriz	1
pressure	1
pressed	1
press	1
preserves	1
prequalifying	1
prepositioned	1
prepared3	1
preparat	1
preoccupying	1
prend	1
prenantes	1
predominating	1
predicts	1
predetermined	1
precis	1
precipitation	1
precipitated	1
precede	1
pratiques	1
pratiquant	1
ppp	1
pow	1
pourrait	1
pounds	1
postulates	1
posts	1
possessing	1
positive.keeping	1
portray	1
portend	1
porcins	1
populations	1
popularizing	1
popularized	1
popularising	1
pools	1
pooling	1
ponents	1
ponding	1
ponctuelles	1
polychlorinated	1
polluting	1
politicizing	1
politicised	1
policing	1
policies	1
poles	1
poise	1
pobres	1
poaching	1
pnia	1
pneei	1
pmt)-based	1
pmear	1
ply	1
plunged	1
plugging	1
plug	1
plowing	1
ploughed	1
plots	1
platforms	1
plantes	1
plantain	1
plan/	1
plague	1
pivot	1
pinpointed	1
pinpoint	1
piggy	1
picking	1
physiques	1
pges	1
petits	1
pests	1
pesticides	1
período	1
pervade	1
persuaded	1
personnes	1
personalized	1
personalised	1
persisting	1
permitir	1
performantes	1
performances	1
percentage)1	1
perating	1
penetrating	1
penalizing	1
penalize	1
penalise	1
peers	1
peer	1
peeling	1
peaks	1
peaked	1
peak	1
pdac	1
pcmu)—led	1
paving	1
patching	1
pastureland	1
pastoralist	1
passes	1
partnered	1
partitioning	1
partitioned	1
particulate	1
participeront	1
participatory	1
participative	1
participación	1
partes	1
partenaire	1
partcipate	1
park	1
parasite	1
paramétrés	1
parameters	1
paralyzed	1
paragraphs	1
pairs	1
pairing	1
pagará	1
padel	1
paddy	1
pacvear	1
packages	1
pa	1
p173398	1
p170283	1
p165228	1
p149553	1
p148591	1
p.9	1
p.12	1
p	1
owed	1
overstretch	1
overshadow	1
overlaying	1
overlay	1
overhauling	1
overgrazing	1
overgrazed	1
overfished	1
overexploited	1
overcomes	1
overall	1
ouvertes	1
outweighed	1
outstrips	1
outputs	1
outposted	1
outperforming	1
outlive	1
outlets	1
outgrow	1
outbreak	1
oting	1
osan//gecl	1
originates	1
originated	1
originarios	1
orientating	1
orientate	1
organisés	1
ordinateurs	1
ordered	1
order	1
orchestrating	1
orchestrate	1
oranges	1
opérationnels	1
opérationnelles	1
optics	1
opposing	1
operationalising	1
operationalises	1
operationalised	1
operaciones	1
onlending	1
onlend	1
olds	1
olagoke	1
ol	1
oiling	1
ohada	1
ofsd	1
ofmanagement	1
offsetting	1
offsets	1
ocuring	1
occupancy	1
obliging	1
obligated	1
objects	1
nutritifs	1
nursing	1
nurses	1
number/%	1
nouvelles	1
nourishing	1
normes	1
nonstate	1
nonperforming	1
nhanced	1
neutralising	1
networked	1
netting	1
nerships	1
ners	1
nergizing	1
negotiations	1
neglecting	1
ned	1
necessitating	1
necesidades	1
ncluding	1
ncludi	1
ncluded	1
navigate	1
nave	1
nationales	1
nati	1
names	1
nal	1
n.	1
método	1
multisecteur	1
multilayered	1
mulching	1
mses	1
mrtot	1
mounting	1
mounted	1
mount	1
motorizing	1
motorising	1
motivating	1
mortgaged	1
monopolised	1
monetizing	1
monetised	1
molded	1
modulaires	1
moderating	1
modelling	1
modeling	1
modalities	1
moalff	1
mixing	1
mix	1
mishandling	1
mises	1
mirroring	1
mirrored	1
minutes	1
minagri	1
mimics	1
migrated	1
microenterprise	1
merchandize	1
mentions	1
menores	1
membered	1
melting	1
meilleurs	1
mediated	1
mediate	1
mechanizing	1
measurement	1
mdudes	1
mciuded	1
ma«e	1
maximized	1
maximising	1
matchmaking	1
mastering	1
masks	1
mask	1
marshalling	1
marshalled	1
marry	1
married	1
marred	1
marks	1
mark	1
marginalised	1
marbled	1
manipulated	1
manifesting	1
maneuver	1
mane	1
mandating	1
malfunctioning	1
majeure	1
maitrisée	1
mainstreams	1
magnifies	1
magnified	1
macro-	1
l’ugp	1
l’ogoué	1
l’arachide	1
l’aménagement	1
l’accès	1
légères	1
lycées	1
ly	1
luhansk	1
lowlands	1
lowers	1
looting	1
looms	1
looming	1
logiciels	1
logged	1
log	1
locking	1
locatives	1
locating	1
locate	1
localised	1
lobbying	1
loaded	1
llevarán	1
llevar	1
llevan	1
llevadas	1
listen	1
lished	1
liquidated	1
linger	1
light	1
lifesaving	1
license	1
liberalizing	1
liberalise	1
liaising	1
lged	1
lfred	1
levelled	1
let	1
lessons	1
lessening	1
lessened	1
lesquels	1
lengthen	1
length	1
lends	1
legume	1
legalize	1
legales	1
lease	1
leaping	1
leached	1
layout	1
layering	1
layered	1
lauded	1
laud	1
latrines	1
lapse	1
languishing	1
lakebed	1
ladisy	1
labor-	1
labelled	1
label	1
l''indice	1
l''hypothèse	1
l''entreprises	1
l''effectif	1
kolombidzo	1
knit	1
km	1
kits	1
kicks	1
kgs	1
kenya?s	1
kam	1
jumping	1
jump	1
july-11	1
jsrl-mord@gov.in	1
jouiminga@yahoo.fr	1
joins	1
job	1
jnzambimana@worldbank.org	1
jeunes	1
jeopardize	1
jeopardise	1
jardins	1
izat	1
iwumd	1
ivided	1
iv	1
ithin	1
isolationist	1
isolating	1
ismonitored	1
irrigués	1
irrigation	1
irrigating	1
ippf	1
ip)15	1
involvements	1
invoking	1
invigorated	1
invests	1
investments	1
investigates	1
investigated	1
invading	1
intérêt	1
intégrées	1
introduction	1
intraprediales	1
intrants	1
into	1
interviewing	1
intervened	1
intervención	1
internships	1
interno	1
internalized	1
interlocking	1
interesting	1
interest	1
intereses	1
interdependent	1
intercropped	1
intercrop	1
interconnection	1
interconnecting	1
interconnect	1
interacts	1
intents	1
intentioned	1
intending	1
intake	1
insure	1
instrumentalizing	1
instructed	1
institutionalise	1
institute	1
institucionales	1
instilling	1
instil	1
instated	1
installées	1
inspire	1
inscribed	1
inputs-	1
inorder	1
innate	1
inland	1
injured	1
injecting	1
initiative	1
inhérentes	1
inhibits	1
inhibiting	1
inheriting	1
inhaling	1
inhabit	1
ingresos	1
inférieure	1
infrared	1
influences	1
inflows	1
inflicted	1
infested	1
inferred	1
inferiores	1
infecting	1
inexperienced	1
industrializing	1
individuels	1
indiscriminate	1
indicateurs	1
indexed	1
incurs	1
inculcating	1
incubating	1
increment	1
incrased	1
incomes	1
incluir	1
incite	1
incitatives	1
incidences	1
incentivised	1
impoverish	1
imposing	1
implied	1
implementation	1
implanted	1
impinge	1
imparting	1
impaired	1
immigrate	1
immersed	1
illustrating	1
illustrate	1
iinclude	1
iii)-resourcing	1
iii	1
iica	1
iiam	1
ii)a	1
ignore	1
igniting	1
igna	1
iesources	1
ies	1
ie	1
identiques	1
icts	1
icas	1
icarda	1
i--“sustaining	1
i)strengthening	1
hygiène	1
hydro-	1
humid	1
humaira2875@hotmail.com	1
https://www.wri.org/blog/2015/02/3-maps-explain-india-s-growing-water-risks	1
https://idbg.sharepoint.com/teams/ez-pr-lon/pr-l1148/_layouts/15/docidredir.aspx?id=ezshare-1395480667-18	1
http://www.statistics.gov.rw/publication/rphc4-population-projections	1
http://www.statistics.gov.rw/publication/eicv-4-thematic-report-environment-and-natural-resources	1
http://www.ruralpovertyportal.org/country/home/tags/cote_divoire	1
http://www.doingbusiness.org/data/exploreeconomies/c%c3%b4te-divoire/	1
http://www.biztechafrica.com/article/ivory-coast-moves-close-digital-divide/9770/	1
http://wdi.worldbank.org/table/3.12	1
http://media.swissre.com/documents/swiss_re_argentina_flood_risk_publ_long.pdf	1
http://idbdocs.iadb.org/wsdocs/getdocument.aspx?docnum=39542996	1
http://idbdocs.iadb.org/wsdocs/getdocument.aspx?docnum=39542989	1
http://idbdocs.iadb.org/wsdocs/getdocument.aspx?docnum=38751892	1
http://idbdocs.iadb.org/wsdocs/getdocument.aspx?docnum=38751714	1
http://documents.banquemondiale.org/curated/fr/2013/01/24373273/report-	1
hovered	1
housing	1
hors	1
hopes	1
hoped	1
honoring	1
honor	1
hone	1
hommes	1
hogares	1
hobbling	1
hitting	1
hires	1
highlands	1
hides	1
hesitate	1
hereinafter	1
heightens	1
heighten	1
hedging	1
hedgerows	1
heat	1
hear	1
heaping	1
headworks	1
hatch	1
hastened	1
hasta	1
hará	1
harvesting	1
harnesses	1
harmonises	1
hardened	1
harbinger	1
hanges	1
hange	1
handover	1
handles	1
handicrafts	1
handicap	1
handholding	1
hand	1
hancing	1
ha.4	1
gérées	1
género	1
gullying	1
guidelines	1
growth-	1
growth	1
groupes	1
group	1
grounding	1
groundbreaking	1
ground	1
grinding	1
greasing	1
grazed	1
graduated	1
grabbing	1
gps	1
gouverneurs	1
goa	1
glucose	1
gleaned	1
glaring	1
ghana	1
gestionará	1
geotagging	1
georeferencing	1
generators	1
gender-	1
gauging	1
gases	1
garner	1
gardens	1
gangilonga	1
gabon	1
fusing	1
furflied	1
funciones	1
funcionando	1
fulfy	1
fulfils	1
fulfills	1
fueling	1
frontloading	1
frontloaded	1
fringed	1
frequency	1
freezing	1
freehold	1
frames	1
framed	1
forwarding	1
forward	1
forums	1
fortifying	1
fortalecimiento	1
formulées	1
formalizing	1
fork	1
forgone	1
forget	1
forged	1
forestiers	1
forestalled	1
foresaw	1
foregoing	1
forecasting	1
forcés	1
forbidden	1
forage	1
footwear	1
foi	1
focussing	1
focussed	1
fnpv	1
flushing	1
flush	1
fluctuate	1
flourished	1
floored	1
floated	1
flies	1
fleuve	1
flash	1
flagging	1
fishes	1
fisheries	1
firmed	1
firmará	1
fires	1
finetuning	1
finaning	1
financées	1
financiarán	1
financements	1
finalizará	1
finalise	1
films	1
filing	1
fiduciarios	1
fiches	1
fiables	1
fi=	1
fgds	1
ffs	1
fertilizing	1
fertilizers	1
fertilize	1
fertilise	1
feminizing	1
female	1
felling	1
feels	1
feeling	1
federating	1
federate	1
featured	1
fbos	1
faîtières	1
favours	1
fattening	1
farms	1
farmland	1
farmgate	1
fanned	1
familias	1
familiarizing	1
familiarize	1
familiarise	1
faltered	1
faits	1
faitières	1
fafd	1
fade	1
factors23	1
facteurs	1
facilitées	1
facilitators	1
faceted	1
face5	1
extricate	1
extension	1
expérimentées	1
export‑orientated	1
exportaciones	1
explores	1
expired	1
expire	1
experimenting	1
experimented	1
expenses	1
expenditures	1
exited	1
existe	1
exisiting	1
exhaust	1
exercises	1
exempt	1
executes	1
excreta	1
excludes	1
exchanging	1
excepting	1
excepción	1
examining	1
exacts	1
exacting	1
events	1
evaporating	1
etude	1
ete	1
etds	1
estables	1
essentiels	1
espouses	1
espoused	1
espouse	1
espaces	1
esmf	1
escs	1
escalate	1
ervices	1
erts	1
erring	1
erosion	1
eroding	1
erode	1
erjon.luci@financa.gov.al	1
erected	1
erating	1
erase	1
eradicated	1
equivalents	1
equating	1
equated	1
envisions	1
environnementales	1
environment	1
entreprises	1
entrepreneuriales	1
entraves	1
entitlement	1
entangled	1
ent	1
ensued	1
enshrines	1
enriched	1
enlarging	1
enlarge	1
enjeux	1
engulfed	1
engrains	1
engineer	1
engenders	1
engendering	1
engaiging	1
engagement	1
engagem	1
enforces	1
endured	1
endorsing	1
endeavour	1
endangering	1
endanger	1
end-2019	1
end-2018	1
encroach	1
encountering	1
encompassed	1
encapsulates	1
enact	1
en	1
emulating	1
empty	1
empting	1
empties	1
employment)—measured	1
emit	1
emigrated	1
emerges	1
emergence	1
embraces	1
emanating	1
emanates	1
emanate	1
eludes	1
elucidate	1
eligibled	1
eliciting	1
elevate	1
electrifying	1
electrified	1
elder	1
elated	1
elaborará	1
efficiency	1
effecting	1
eeting	1
ects	1
economize	1
economise	1
economies	1
ecobank	1
echoed	1
echo	1
ebbing	1
eating	1
eaten	1
easured	1
eases	1
earns	1
earmark	1
e)enhancing	1
d’évidences	1
d’un	1
d’ouvrages	1
d’obtention	1
d’intrants	1
d’hectares	1
d’autres	1
d’audits	1
d’assurer	1
d’assurances	1
d’appui	1
d’achèvement7	1
d’achèvement	1
désirant	1
désigné	1
désagrégés	1
décrites	1
déconcentrées	1
décidés	1
décentralisés	1
décentralisées	1
dÉveloppement	1
dynamize	1
dws	1
duties	1
durablement	1
duplicated	1
duplicate	1
due	1
drylands	1
drowning	1
drought-	1
drought	1
dripping	1
drill	1
dressing	1
dredged	1
draying	1
drains	1
draining	1
drain	1
dragged	1
dps	1
downside	1
downloading	1
download	1
dovetailed	1
doubles	1
dosing	1
doomed	1
donc	1
domesticate	1
domaniales	1
documentos	1
docking	1
dnp	1
dj-	1
dividing	1
diverts	1
diverting	1
diverted	1
diversification	1
diverse	1
diverging	1
disturbing	1
districts	1
distributes	1
distinguished	1
distinguish	1
distilled	1
distant	1
distanced	1
dissolved	1
disrupting	1
disputes	1
dispossessed	1
dispositifs	1
disposing	1
displays	1
displayed	1
displace	1
disperse	1
disorganised	1
disinterest	1
diseñ	1
discriminating	1
discontinue	1
disconnect	1
disclosure	1
discharging	1
disbursements	1
disbur^eme	1
disappeared	1
disaggregating	1
disaggregate	1
disadvantage	1
directorates	1
directives	1
directas	1
dipping	1
dimmed	1
diminishes	1
dimensioned	1
dilute	1
dilapidating	1
dilapidated	1
digitizing	1
digitize	1
digitalize	1
digging	1
diffusing	1
differing	1
differentiating	1
differentiate	1
differed	1
dictate	1
diarrhoeal	1
diagnósticos	1
dgeec	1
dfp	1
devouring	1
devising	1
devised	1
developments	1
development	1
devastate	1
devalued	1
deux	1
deteriorates	1
deter	1
destroy	1
destabilized	1
destabilise	1
desiring	1
deshelling	1
deserves	1
deserted	1
desert	1
desagregated	1
des	1
derivatives	1
derisking	1
deputed	1
depute	1
deprives	1
depressing	1
depress	1
depreciating	1
depreciated	1
deploys	1
depicts	1
depicted	1
departed	1
deny	1
denude	1
denouncing	1
demolished	1
demining	1
delineates	1
delineated	1
delineate	1
delimits	1
delimit	1
deliberating	1
deliberated	1
delays	1
delated	1
dehydrating	1
dehusking	1
defy	1
defused	1
defrayed	1
deflect	1
definen	1
defer	1
defend	1
deepens	1
deducting	1
deducted	1
deduced	1
dedicating	1
dedicates	1
dedicate	1
decree	1
decoupling	1
decoupled	1
decomposed	1
decommissioning	1
decommission	1
declines	1
declares	1
decipher	1
decides	1
decentralize	1
decelerating	1
decapitalized	1
deberán	1
debated	1
debarred	1
dava	1
date/	1
dataset	1
d''un	1
d''etat	1
d	1
côte	1
cuvettes	1
customize	1
cusing	1
cushioning	1
cushioned	1
curved	1
curtailed	1
curricula	1
curbed	1
cumulative	1
cumulating	1
cumbersome	1
cultures	1
cultivées	1
cultivates	1
csa	1
créé	1
crées	1
cruising	1
crowing	1
crowds	1
crossbreeding	1
crops	1
cropland	1
crop/	1
criticized	1
crisscross	1
crested	1
credited	1
cred	1
crafting	1
crafted	1
cowpeas);(iv	1
cours	1
countrywide	1
counterweighing	1
countervailing	1
counterparts	1
counterbalanced	1
counseled	1
cosd	1
correspondra	1
correlates	1
corrected	1
corporates	1
coordinator	1
coordination	1
coordinat	1
coopératives	1
coops	1
cooked	1
cook	1
converging	1
controls	1
contribution	1
contratará	1
contrasts	1
contrasted	1
contractuales	1
context-	1
contend	1
contemplate	1
contemplará	1
contaminate	1
consultants	1
construits	1
construire	1
constitutue	1
consolidé	1
conserved	1
consent	1
conseils	1
conquering	1
connaissances	1
conjointes	1
conglomerates	1
congested	1
conformément	1
conforms	1
conflicting	1
confirmées	1
confines	1
configure	1
confers	1
conferences	1
conduites	1
conduced	1
conditioned	1
condition	1
condensed	1
concurs	1
concurred	1
concords	1
concluidas	1
concernés	1
concerneront	1
conceptualizing	1
con	1
computerized	1
compute	1
compradores	1
compost	1
compliments	1
compliment	1
complicates	1
complicate	1
compliance	1
completes	1
complains	1
complaining	1
complain	1
compiled	1
compensating	1
compacting	1
compacted	1
comp	1
communes	1
communautaires	1
commodities	1
commenting	1
commended	1
commend	1
commences	1
comme	1
collocated	1
collateralized	1
collate	1
collapses	1
collaborates	1
coke	1
coined	1
coinciding	1
cofunding	1
cofmancing	1
cofinancement	1
coexecuting	1
codified	1
coconut	1
coadyuven	1
cnac--	1
clubbed	1
climb	1
climate-	1
cleansed	1
classifying	1
classify	1
classifies	1
classed	1
clash	1
clarifies	1
citizen	1
cites	1
circulated	1
chose	1
childcare	1
chickenfeed	1
chewed	1
cherries	1
checklists	1
checklist	1
checking	1
chart	1
charcoal	1
characterizes	1
characterising	1
characterise	1
channels	1
change-	1
champions	1
chalk	1
chairs	1
chad	1
cfsam1	1
cet	1
centre	1
centralised	1
cellule	1
cela	1
ceasing	1
ceases	1
cease	1
cdr	1
ccap2	1
cautioned	1
cations	1
catering	1
categories	1
catching	1
catalysing	1
casued	1
cast	1
cashew	1
cashed	1
cascade	1
caring	1
cari	1
capping	1
capitalising	1
capitalise	1
capacities	1
canteens	1
canning	1
canned	1
candidatures	1
canceling	1
calling	1
calibrated	1
cabinets	1
c3	1
c1	1
c.2	1
bénéficieront	1
by18.2	1
buyers	1
buyer	1
buy-	1
business	1
bury	1
burnt	1
burdening	1
buoyed	1
bundling	1
bundled	1
bundle	1
bulking	1
bulked	1
bulk	1
bulging	1
buffeted	1
buffer	1
budgétaires	1
budget	1
bruising	1
browsing	1
broker	1
briefing	1
brief	1
breaching	1
breached	1
breach	1
bounce	1
bottomed	1
bottlenecks	1
borsa	1
borrows	1
borrowers	1
borderline	1
bordaba2001@yahoo.com	1
boosts	1
booming	1
boomed	1
booking	1
bonded	1
bogged	1
bobojon	1
blueprint	1
blending	1
blemish	1
bleached	1
ble	1
blame	1
blagota.radulovic@mpr.gov.me	1
bis	1
bioengineering	1
biodiversity	1
bifurcated	1
biens	1
bequeathed	1
beneficiarios	1
benchmarking	1
believes	1
begins	1
bedevilled	1
batter	1
basés	1
bastará	1
basing	1
banning	1
banned	1
banna	1
banked	1
bancoumana	1
balances	1
bait	1
bagri	1
backstop	1
backsliding	1
backs	1
background	1
backfilled	1
b.5	1
b.1	1
b.	1
b	1
a’e	1
aún	1
axed	1
awaits	1
awaiting	1
averting	1
averted	1
avec	1
avdp	1
avant	1
autonomie	1
autonome	1
automating	1
authorizes	1
authorised	1
authonzed	1
authenticated	1
augurs	1
auguring	1
auditores	1
attune	1
attributing	1
attribute	1
attempting	1
attempted	1
attempt	1
attacking	1
attacked	1
atomise	1
atdr	1
asymmetries	1
assureront	1
assisté	1
assembled	1
aspires	1
asking	1
asignará	1
ascribed	1
ascend	1
articulating	1
article	1
artefacts	1
arrives	1
arrive	1
arresting	1
arrest	1
arouses	1
argued	1
ares	1
arching	1
aratakka	1
ar	1
appuyés	1
approximating	1
approximate	1
approuve	1
approches	1
apprises	1
applicable	1
appendices	1
appearing	1
appealed	1
appeal	1
aportes	1
aportará	1
aplicar	1
anticipates	1
anthropométriques	1
antestia	1
anterioridad	1
antenna	1
années	1
annulled	1
announce	1
annihilating	1
annihilate	1
annexes	1
animal	1
anchoring	1
aménagés	1
aménagements	1
améliorées	1
améliorent	1
ameliorating	1
alphabétisées	1
alludes	1
alerting	1
aken	1
aif	1
ahgc1	1
ahai0	1
agropecuarios	1
agropastoraux	1
agrofore	1
agro	1
agripreneur	1
agriculteurs	1
agreeing	1
aggregates	1
afterschool	1
aftercare	1
aflatoxin	1
afférentes	1
affirm	1
affaires	1
advocating	1
adverse	1
adulterated	1
adquisiciones	1
administrations	1
administers	1
adjusts	1
adheres	1
adecuadosproducto	1
addendum	1
actualize	1
activate	1
acquainted	1
acquaint	1
acotadas	1
acknowledging	1
aceptables	1
accused	1
accumulate	1
accredit	1
accorded	1
accomplishing	1
accommodates	1
accommodated	1
acco	1
accepté	1
accepting	1
accentuate	1
acceded	1
accede	1
abstracts	1
abstained	1
abide	1
abating	1
abates	1
abate	1
abandon	1
a3	1
a1.1	1
a.nyaga	1
a.	1
@0	1
=	1
7disaggregated	1
70.4%of	1
7.1.1	1
7%2	1
6disaggregated	1
6-dec-19	1
4.4.3	1
3v	1
3n	1
3896-mon	1
3633-vle(col	1
31st	1
30th	1
30.06.2022	1
2—increased	1
23-feb-2018	1
2.2-strengthen	1
2.1.increased	1
2-	1
19,000,000.0	1
184th	1
18.12.2014	1
175th	1
166th	1
164.38	1
161st	1
16,971,820.4	1
15%for	1
149th	1
137th	1
13)–designed	1
129th	1
100/100	1
10,391.889	1
10,000,000.0	1
1.13-	1
1.12-	1
02-apr-2019	1
01-apr-2019	1
0,11	1
/financing	1
/(;2=2>&($''(''042947'',#(0	1
-unqualified	1
-progress	1
-planned	1
-maize	1
-addressing	1
-@3?4	1
-777	1
-6.4	1
-57308	1
-50	1
-44	1
-3.5	1
-2308	1
-2.2	1
-1.2	1
-0.0	1
+63	1
